movie_id,director
25746375,尔冬升
5446197,安东尼·福奎阿
25885212,布雷特·海利
25728581,加布里埃尔·萨瓦特瑞斯
5156558,克雷格·卓贝
24325815,塔西姆·辛
25922902,三木孝浩
25738406,弗兰克·威利
25767747,马提欧·加洛尼
25823840,闵奎东
10533913,彼特·道格特 
10533913, 罗纳尔多·德尔·卡门
25814707,森淳一
10773239,阿加多·蒙特沃德
25870236,关信辉
26147706,岩井俊二
25761178,武正晴
26219652,肖洋
25786077,布拉德·佩顿
25958787,松冈锭司
3608742,F·加里·格雷
11541282,格里高利·雅各布
25837175,林岭东
10463953,莫滕·泰杜姆
24397586,马克·伯顿 
24397586, 理查德·斯塔扎克
6866928,樋口真嗣
25752261,保罗·费格
25773932,达米安·沙泽勒
23788440,郑保瑞
24879839,陈凯歌
25932086,Baran bo Odar
25855951,艾里克·拉缇戈
3592854,乔治·米勒
6039412,李·杜兰·克里格
25907004,金泰均
26366634,卢镇秀
4160540,亚历克斯·加兰
26021055,何炅
10741834,乔斯·韦登
25809260,郑凡植
24753687,李霄峰
10741643,拉吉库马尔·希拉尼
25745752,苏有朋
25830802,王童
24847343,郭敬明
21318488,大卫·芬奇
10755171,吉勒·巴盖特-布赫内
11520649,妮琪·卡罗
26268587,谢雷·福克森
25718082,张艾嘉
23761370,温子仁
24405378,马修·沃恩
19957083,塞思·麦克法兰
24716045,托马斯·温特伯格
25945356,宋迪
21937450,尹齐均
25870084,陈正道
25794212,罗伯特·斯文克
21442760,小乔治·提尔曼
3104205,卡梅伦·克罗
25742299,李光耀
21263666,克林特·伊斯特伍德
25900851,山下敦弘
25774050,山崎贵
26314206,Zoltán Mayer
10827341,蒂姆·约翰逊
24859095,Fouad Mikati
6846893,尼尔·布洛姆坎普
25799475,成岛出
1889243,克里斯托弗·诺兰
25823833,李仁港
25811357,刘浩良
2973079,彼得·杰克逊
10792633,西蒙·柯蒂斯
10754780,威廉姆·H·梅西
10440138,科林·特雷沃罗
2998373,保罗·金
11026735,唐·霍尔 
11026735, 克里斯·威廉姆斯
24987018,梁乐民 
24987018, 陆剑青
25858759,徐静蕾
25800938,安诺斯·托马斯·延森
21349734,肖恩·利维
2363942,丹尼尔·伊斯皮诺萨
25872931,李玉
21767183,安藤桃子
26279166,区焯文
24753810,吴京
5153254,克利斯汀·迪特
24307637,庾河
2325873,谢尔盖·波德罗夫
25898213,鲍兹·亚金
6126442,姜文
25821585,贾德·阿帕图
25861695,川村泰祐
25834945,邱礼涛
6875263,肯尼思·布拉纳
25908042,蒂姆·肯德尔
21345845,让-马克·瓦雷
25945408,成岛出
25881780,张皓
26259634,杨文军 
26259634, 黄斌
11540651,河正宇
24883815,克里斯·埃文斯
24872023,大卫·凯普
10807909,徐克
5154799,安迪·沃卓斯基 
5154799, 拉娜·沃卓斯基
25780584,伊能静
25947154,约什·劳森
25731554,约翰·麦卡伦
25746414,罗卓瑶
25890082,Kim Kwang-tae
24713882,伊丽莎白·班克斯
6533054,弗朗西斯·劳伦斯
25862355,李炳宪
25835293,彭三源
10548265,安吉丽娜·朱莉
26184109,亚历山大·科特
25938856,Jake Szymanski
4911596,道格·艾林
25713420,鲍德熹 
25713420, 赵天宇
3078390,吴宇森
23712710,金成宰
23769147,维克多·列文
25805054,卢恒宇 
25805054, 李姝洁
11808948,Paul Tibbitt
23331914,大卫·阿耶
25919385,姜帝圭
20277632,奥利维尔·米加顿
25777512,三池崇史
25957011,Giulio Ricciarelli
25905746,彭发
24743709,李晓雨
24695390,安迪·汉密尔顿 
24695390, 盖·简金
3012013,安东尼·福奎阿
20277433,格伦·费卡拉 
20277433, 约翰·里夸
25755608,弗朗索瓦·欧容
25806476,入江悠
3006769,蒂姆·波顿
21349301,艾伦·瑞克曼
25884416,谢立文 
25884416, 李俊民
25761564,Mary Agnes Donoghue
26140241,刘江
7003416,叶伟信 
7003416, 邹凯光
25779218,张一白
3089638,艾娃·德约列
10793610,雷德利·斯科特
10546762,罗伯·马歇尔
26356488,Elmo Nüganen
25919529,金豪俊
26383523,孙浩
3319744,索尔·迪勃
24751757,顾长卫
25798854,大森立嗣
25845383,三木孝浩
25728008,雷·沃纳尔
10508874,任弼星
25838216,丰岛圭介
21349345,韦斯·鲍尔
21977761,佐米·希尔拉
20283482,Jorge R. Gutierrez
25853073,熊泽尚人
10546665,鲁伯特·古尔德
25818615,吉田大八
5432221,保罗·托马斯·安德森
24743712,李欣蔓
24845116,大友启史
26310932,乔恩·沃茨
10440069,丹·福格尔曼
25809101,约翰·麦登
25819726,金洪宣
22637441,克利斯蒂安·佩措尔德
11810348,埃里克·达尼尔 
11810348, 西蒙·J·史密斯
26588820,Rick Morales
25788954,托马斯·麦卡锡
6858224,汤姆·希克斯
25856577,文在容
26271893,邹凯光
25772380,Mark Raso
23767433,Dean Israelite
21348445,乔恩·克劳兹 
21348445, Trevor Matthews
25774051,山崎贵
4881607,彭浩翔
25871647,广木隆一
25798131,大卫·里奇 
25798131, 查德·史塔赫斯基
6516595,艾瑞克·范·洛依
26361257,Sam Liu
20253940,尼克·鲍威尔
26356495,Sergeiy Mokritskiy
22994771,王孟圆
25767613,金亚伦
25824853,郭子健 
25824853, 黄智亨
4845723,豪梅·巴拿盖鲁
25892603,阿尔伯特·罗德里格斯
25742242,行定勋
25856626,郭暻泽
25790755,尹宰久
24723061,王川 
24723061, 张钢 
24723061, 周洁
25834457,金成浩
25827399,安妮·弗莱彻
4154632,易立
25880244,金依萌 
25880244, 潘安子 
25880244, 章家瑞 
25880244, 宋迪
25834473,郭在容
25831308,高希希
25984795,李海暎
25750177,藤田容介
26378296,Kim Il-jong (김일종)
26382849,丁乃筝
3317370,杰里米·加尔利
25824741,钟澍佳
26220731,丁亮 
26220731, 刘富源
24742719,J·C·尚多尔
25835306,伊坦·柯亨
25743833,王维明
25723095,林顺礼
26087473,山本泰一郎
24843623,金焕松
24530939,迈克尔·曼
25836152,冲田修一
25820655,西田征史
7059561,史蒂芬·戴德利
26274132,アベユーイチ
24695277,陈德森
25444447,周显扬
21359619,杜琪峰
20453001,彼得·斯崔克兰德
24743119,彼得·萨特勒
6053684,Will Canon
25913617,奥斯汀·史塔克
25812885,约翰·R·莱昂耐迪
25958197,贾森·弗莱德伯格 
25958197, 亚伦·赛尔策
19897541,安彦良和 
19897541, 今西隆志
22508259,希恩·安德鲁斯
2147872,盖瑞·肖
25870671,深川栄洋
10577854,鲍比·法拉利 
10577854, 彼得·法拉利
25749871,罗素·克劳
26356473,Christopher Leone
25870679,白云学
20278806,琳·谢尔顿
10756517,James Kent
6873819,加贝·伊班内兹
25766663,大森寿美男
3112738,苏珊娜·比尔
25721544,亚当·温加德
24882719,迈克尔·霍夫曼
6873740,威尔·古勒
26036657,瑞卡多·米拉尼
25827270,林赞相
26263504,梅兹·塔拉
25920098,Charles Binamé
25709273,蔡岳勋
26258872,Steve Loter
25757780,J.C. Calciano
3012031,吉尔·克兰
25828520,吴胜旭
25949984,佐藤东弥
12012475,斯科特·弗兰克
25884436,Miguel Ángel Vivas
26258752,嘉里·瑞德斯托姆
25908302,王岳伦
22276795,孔玟燕
25828521,朴珍杓
25722262,贾森·雷特曼
10741865,亨利·霍伯森
25789352,赵宝刚
24325906,Ari Sandel
24842277,理查德·隆克瑞恩
25706778,谭华
25800269,李元硕
26306980,Brandon Vietti
26356055,卡洛堤·奈金塔隆
25767853,Sergio Tovar Velarde
25747016,丹尼尔·阿尔弗雷森
25823113,若松节朗
25843352,金炫锡
25743807,范建浍
24746974,Kiah Roache-Turner
21965450,罗勒·莎菲
25977063,洪锡宰
26263437,黄百鸣 
26263437, 邱礼涛
20436359,安娜·莉莉·阿米普尔
26550734,张涛
6874433,伊丽莎白·艾伦
24697552,菲利普·法拉特乌
26022765,Valeri Milev
25832727,石井裕也
6873851,凯尔·纽曼
25789453,安相勋
26011893,董春泽
10764850,科里夫·斯丹德斯
25869868,梁婷
25799040,犬童一心
25750671,Kim Farrant
3095502,蒂埃里·拉格贝尔
25824753,张镇
3073287,比尔·波拉德
25957030,Stefan Liberski
26590070,张浩、王岩川
25875209,蒂托·蒙蒂尔
25931245,熊坂出
26417423,Butch Lukic
25908941,肯尼·奥特加
25740966,伊力·维伊德雷克
24845637,穆丹
10526498,Fabrice Du Welz
25777784,广木隆一
25905773,Isara Nadee
24753439,塞德里克·吉门内兹
25881067,西尔扎提·亚合甫 
25881067, 张欣
25810966,罗斯·卡兹
10755525,Sophie Barthes
24639908,安妮·芳婷
26317346,吴维峰
26176503,Zach Lipovsky
26228762,Mikel Rueda
25882861,尤里·贝科夫
25776178,乔·丹特
25934361,Severin Fiala 
25934361, 维罗妮卡·弗兰茨
25861681,小林啓一
25730893,Morgan Matthews
24877015,格伦·威尔斯
11600988,阿托姆·伊戈扬
25739366,Karen Leigh Hopkins
25821620,小林圣太郎
25870091,David Au
26423179,Spike Brandt 
26423179, Tony Cervone
25823469,安德鲁·尼科尔
25932073,高志森
25749515,Basel Owies
26348959,哈磊
20271845,丹尼斯·阿康特
25911449,乔治·奥瓦什威利
22419013,李闘士男
25705507,马赛·皮耶普莱兹卡
26235707,Kim Jeong-hwan
19929592,米洛斯拉夫·史拉波斯维兹奇
26201173,杰姆·耶尔马兹
22419433,佐佐部清
25833539,安迪·菲克曼
24711890,大卫·戈登·格林
26277313,田晓鹏
25841241,入江悠
25741337,林权泽
25785061,大卫·泽尔纳
20379462,皮埃尔·莫瑞尔
25821380,吉娜·普林斯-拜斯伍德
25975912,金镇英
11624706,凯尔·巴尔达 
11624706, 皮艾尔·柯芬
24851526,陈慧翎
10755160,马特·沙克曼
25890078,Han Jun-hee
26312967,爱迪生
21794463,佩妮莱·费舍尔·克里斯藤森
25755768,让-巴普蒂斯特·莱昂内蒂
25862325,Thomas Lilti
26297389,申汉率
3338862,阿兰·泰勒
5997157,诺亚·鲍姆巴赫
26272363,Paul Katis
25767612,Kim Deok-Soo
26373522,Butch Lukic
25724870,黄浩然
25863669,肖恩·麦克纳马拉
25875037,金赵光寿 
25875037, 金泰勇
21361076,理查德·拉·格拉文斯
25800699,詹姆斯·麦克特格
25743024,肯·斯科特
24718802,大卫·奥霍芬
24704130,大卫·贾柏
20496674,马克·劳伦斯
25806461,Ha Won-joon
25851668,孙勇浩
24705685,Shira Piven
25790164,平川雄一朗
25814628,瑞纳·考夫曼
21937456,小泉尧史
10776641,大卫·韦恩
25967329,尼拉基·潘迪
25896101,Salomé Breziner
25903812,金锡允
25917236,亚历山德拉·阿斯提耶尔
24757324,柯特妮·考克斯
19962556,昆汀·杜飞
25687245,罗内特·艾尔卡贝兹 
25687245, 施洛米·艾尔卡贝兹
25899439,麦曦茵
26088329,保罗·安德鲁·威廉姆斯
25845399,古澤健
23011206,凯内尔·穆德卢佐
5152973,Ekachai Uekrongtham
25795793,Maximilian Erlenwein
20388696,Justin Reardon
3006306,乔治·乌尔夫
25853729,安藤寻
26012018,李岗 
26012018, 萧力修
25886495,陈翊恒
25795311,成島出
26200413,Lukasz Palkowski
25826239,菲利普·马丁
26012598,Adam Robitel
26304164,海涛
26304162,海涛
26304161,海涛
25765830,Monika Mitchell
25728003,三岛有纪子
25911450,Andrea Sedlácková
26304160,海涛
26304159,海涛
26281899,列万·加布里亚德兹
25941964,贾斯汀·本森 
25941964, 艾伦·穆尔黑德
25812731,武正晴
25803933,阿伯德拉马纳·希萨柯
25809902,Philippe Lachaux 
25809902, Nicolas Benamou
25767565,全炯俊
26302610,海涛
21319012,瑞恩·菲利普
25965348,Eric Schaeffer
25831828,钱翔
23255228,安东尼·伯恩斯
26351660,威廉·考夫曼
25773294,海涛
25934062,克里斯·洛克
20388974,纪里谷和明
11638862,瑞恩·高斯林
26301744,海涛
25800203,矢崎仁司
25863916,KIM Jinmoo 
25863916, PARK Gahee 
25863916, JU Seongsu 
25863916, JUNG Wonsik
26304163,海涛
6521506,罗伊·安德森
25870483,大卫·罗伯特·米切尔
25951377,Adam MacDonald
25934051,黄柏基
21267622,榊英雄
24857986,Bradley King
22994673,Ádám Császi
10757685,Daniel Benmayor
25725759,鲁伯特·瓦耶特
10518895,阿列克谢·日尔曼
26299479,克里斯·斯帕林
25792608,Mikkel Nørgaard
23035067,乔·卡纳汉
25695667,卢营奭
24522866,肯·洛奇
25967447,松居大悟
25917239,扬·科马萨
25831643,Siddharth Anand
19902983,深田晃司
22011074,汉斯·皮特·莫郎
24850017,Claudio Fäh
11584019,汤姆·摩尔
10727845,Andrew Fleming
25823076,Pif
10581884,凯文·麦克唐纳
24523811,Susanna Fogel
20270421,易智言
26280561,黄朝亮
24696717,三池崇史
25755250,戴思睿·阿卡万
22266974,Oliver Blackburn
25861680,天野千寻 
25861680, 名倉愛 
25861680, 大九明子
10796578,洪尚秀
25842340,Tony Mahony 
25842340, 安格斯·桑普森
4206507,巴瑞·莱文森
7015586,派翠西亚·里根
25884874,倉本雷大
25814705,森淳一
25905892,堤幸彦 
25905892, 木村ひさし
25875053,乔梁
21767208,熊切和嘉
24879206,戴维·黑尔
20284797,罗杰·米歇尔
5327400,彼德·切尔瑟姆
25741353,饭塚健
25806698,查慕春
24750126,达米安·斯兹弗隆
20561487,Ramon Zürcher
24735122,伊斯雷尔·霍洛维茨
24694696,缇·威斯特
25747610,三木孝浩
20494466,Cécile Telerman
10543692,北村龙平
21793611,乔恩·斯图尔特
24750968,Dan Beers
25670379,查尔斯·马丁·史密斯
25836143,丹尼尔·巴尔兹
20275845,法拉·可汗
25780555,罗伯·科恩
24876979,扬·德芒热
25858785,王晶 
25858785, 张敏
4202983,玛嘉·莎塔琵
25762403,李海准
26301742,海涛
25762404,崔豪
24858413,佐久間紀佳
3993588,让-雅克·阿诺
23010202,园子温
10486471,西蒙·韦斯特
25747028,李在容
22747237,约翰·巴特勒
25931607,Brian Falk
11528271,凯特·巴克佛洛兰
25886498,张荣吉
3036472,迈克尔·科斯塔
21267670,木村大作
24737161,鲁坚
25806368,梅拉尼·罗兰
24522651,Emilis Velyvis
20490940,Riad Sattouf
25723328,Greg Francis
5327474,米盖尔·阿尔特塔
10755696,小乔治·提尔曼
25741354,李斗士男
24885205,肖恩·克里斯汀森
10733937,帕斯卡尔·费兰
25795972,赵德胤
24525283,安德烈·萨金塞夫
7155005,鲁本·奥斯特伦德
25879014,Damon Beesley 
25879014, Iain Morris
19976774,奥利维耶·阿萨亚斯
24839508,金光植
25980500,伊桑·斯波尔丁
25733490,爱丽丝·洛尔瓦彻
25818840,Dearbhla Walsh
24869803,萨萨·乌鲁沙泽
25738793,前田弘二
20395150,佐藤信介
21323275,河濑直美
25805036,保·范·德·奥斯特
24706561,艾拉·萨克斯
25909566,Gerard Johnstone
10764054,萨姆·米勒
25945491,唐·迈克尔·保罗
19997896,孙铁
24153243,迈克尔·塞洛蒙
25795310,福田雄一
3011022,贝尼特·米勒
24706496,迈克尔·温特伯顿
20515015,朱利叶斯·艾弗里
25726142,斯考特·佛雷
4109746,内德·本森
10758799,埃里克·普派
25740192,马修·沃楚斯
4301659,迈克·诺斯卡
21319853,迈克·李
24870630,剧团一人
25770733,凯文·史密斯
25794230,杰梅奈·克莱门特 
25794230, 泰卡·怀蒂蒂
22254890,Andreas Prochaska
20436812,Michael Berry
21965464,特奥多尔·梅尔菲
25823638,Naphat Chaithiangthum
10465148,让-吕克·戈达尔
25862591,Natalia Meta
24869399,Alessandro Rak
3439317,亨里克·鲁本·甘茨
25747030,金英卓
25927387,Spike Brandt
25769362,八木龙一 
25769362, 山崎贵
25857885,吉田浩太
25815008,理查德·格雷泽 
25815008, 沃什·韦斯特摩兰
25823035,李宋喜一
24696982,迈克·卡希尔
21770915,努里·比格·锡兰
7065161,金韩民
25700831,张蠡
24697539,Peter Askin
24311267,托马斯·卡特
25753339,本木克英
25903068,Sopon Sukdapisit
25885962,那奇欧·维加隆多 
25885962, Gregg Bishop 
25885962, 马希尔·萨门多 
25885962, 贾斯汀·本森 
25885962, 艾伦·穆尔黑德
20468389,菲利普·加瑞尔
24869824,日向朝子
19974285,那奇欧·维加隆多
24304229,克里斯蒂安·莱沃
23776064,石井裕也
1292052,弗兰克·德拉邦特
3541415,克里斯托弗·诺兰
1295644,吕克·贝松
1292720,罗伯特·泽米吉斯
1291546,陈凯歌
3793023,拉吉库马尔·希拉尼
1291561,宫崎骏
1292063,罗伯托·贝尼尼
1292722,詹姆斯·卡梅隆
1292001,朱塞佩·托纳多雷
2131459,安德鲁·斯坦顿
1929463,李安
3011091,莱塞·霍尔斯道姆
1295124,史蒂文·斯皮尔伯格
1292213,刘镇伟
1291549,克里斯托夫·巴拉蒂
6786002,奥利维·那卡什 
6786002, 艾力克·托兰达
3319755,罗伯·莱纳
1849031,加布里尔·穆奇诺
1291560,宫崎骏
1292064,彼得·威尔
1292000,大卫·芬奇
1291841,弗朗西斯·福特·科波拉
1309046,詹姆斯·麦克特格
1299398,刘镇伟
2129039,彼特·道格特
1907966,柯克·德·米科 
1907966, 克里斯·桑德斯
3742360,姜文
1307914,刘伟强 
1307914, 麦兆辉
1291828,朱塞佩·托纳多雷
1851857,克里斯托弗·诺兰
1291552,彼得·杰克逊
1291583,宫崎骏
1293839,威廉·惠勒
1293182,西德尼·吕美特
1293350,盖·里奇
1291858,姜文
1292215,让-皮埃尔·热内
1900841,弗洛里安·亨克尔·冯·多纳斯马
1292223,大卫·芬奇
1300267,维克多·弗莱明 
1300267, 乔治·库克 
1300267, 山姆·伍德
1306029,朗·霍华德
1780330,克里斯托弗·诺兰
1292370,蒂姆·波顿
1292224,米洛斯·福尔曼
1787291,中岛哲也
1298624,马丁·布莱斯
1291571,彼得·杰克逊
1292365,张艺谋
1291572,彼得·杰克逊
1652587,詹姆斯·卡梅隆
1485260,大卫·芬奇
3287562,皮艾尔·柯芬 
3287562, 克里斯·雷纳德
1308807,宫崎骏
4917726,姜炯哲
1292343,埃里克·布雷斯 
1292343, J.麦基·格鲁伯
1292220,岩井俊二
1291548,彼得·威尔
2334904,马丁·斯科塞斯
1292402,朱塞佩·托纳多雷
1291832,昆汀·塔伦蒂诺
21360417,金秉祐
1296736,罗曼·波兰斯基
1293544,乔纳森·戴米
2353023,迪恩·德布洛斯 
2353023, 克里斯·桑德斯
6985810,托马斯·温特伯格
1291843,安迪·沃卓斯基 
1291843, 拉娜·沃卓斯基
1299131,弗朗西斯·福特·科波拉
1297192,詹姆斯·曼高德
1291818,李安
1301753,罗杰·阿勒斯 
1301753, 罗伯·明可夫
1292262,赛尔乔·莱翁内
10577869,理查德·柯蒂斯
4268598,中岛哲也
1978709,达伦·阿伦诺夫斯基
1316510,刘镇伟
2149806,泷田洋二郎
1294639,梅尔·吉布森
1292656,格斯·范·桑特
1298070,戈尔·维宾斯基
1300299,奉俊昊
1291999,王家卫
1418834,李安
3072124,亚当·艾略特
1292849,史蒂文·斯皮尔伯格
10777687,李焕庆
1297630,M·奈特·沙马兰
6874403,约翰·卡尼
1291875,姜文
3792799,罗启锐
2209573,丹尼·博伊尔 
2209573, 洛芙琳·坦丹
1291545,蒂姆·波顿
3011235,大卫·叶茨
3075287,邓肯·琼斯
5322596,托尼·凯耶
1296339,理查德·林克莱特
1304447,克里斯托弗·诺兰
3395373,克里斯托弗·诺兰
1793929,让-马克·瓦雷
4739952,普特鹏·普罗萨卡·那·萨克那卡林 
4739952, 华森·波克彭
4920528,九把刀
1294408,罗伯特·怀斯
1305487,史蒂文·斯皮尔伯格
1297359,宫崎骏
1305164,陈可辛
1292679,王家卫
3011051,克里斯托弗·史密斯
1303021,马基德·马基迪
1291579,彼特·道格特 
1291579, 大卫·斯沃曼 
1291579, 李·昂克里奇
1291990,理查德·林克莱特
4202302,米林宏昌
1309163,尼克·卡索维茨
6534248,瑞奇·摩尔
1295038,克里斯·哥伦布
1292208,卡迪亚·兰德 
1292208, 费尔南多·梅里尔斯
1306249,李力持
1297447,程小东
2043546,新海诚
6307447,昆汀·塔伦蒂诺
3008247,马克·赫尔曼
5989818,大森贵弘
1292401,理查德·柯蒂斯
4023638,汤姆·霍珀
1296141,比利·怀德
1302425,周星驰 
1302425, 李力持
1418019,万籁鸣 
1418019, 唐澄
1291870,巴瑞·莱文森
1760622,汤姆·提克威
1293359,北野武
1292434,杨德昌
1293318,高畑勋
1418200,乔·赖特
1292328,王家卫
1294371,查理·卓别林
1291585,宫崎骏
1292274,史蒂文·斯皮尔伯格
10808442,理查德·林克莱特
1858711,李·昂克里奇
3068206,布拉德·伯德
4286017,林诣彬
1291578,卡洛斯·沙尔丹哈 
1291578, 克里斯·韦奇
1297052,近藤喜文
6860160,汤姆·霍珀
1578507,保罗·格林格拉斯
1293172,贝纳尔多·贝托鲁奇
1862151,宁浩
1291844,詹姆斯·卡梅隆
1865703,今敏
1937946,细田守
1292217,大卫·林奇
1292528,丹尼·博伊尔
2300586,理查德·沙因克曼
2213597,史蒂芬·戴德利
2297265,丹尼斯·甘塞尔
1397546,克里斯托弗·诺兰
4848115,藤森雅也
1291557,王家卫
4915857,皮艾尔·柯芬 
4915857, 克里斯·雷纳德
1302827,史蒂文·斯皮尔伯格
1303394,徐克
1297574,吴宇森
1291822,特瑞·乔治
1294240,弗朗西斯·福特·科波拉
1295865,爱德华·兹威克
1303037,李安
1304102,道格·里曼
1300992,克林特·伊斯特伍德
1295409,吴宇森
1395091,今敏
5964718,阿斯哈·法哈蒂
1295399,黑泽明
1308817,杨·塞谬尔
1866479,乔斯·韦登
1291879,黑泽明
1388216,保罗·哈吉斯
1438652,昆汀·塔伦蒂诺
1306861,杰茜·尼尔森
1305725,艾伦·帕克
1305690,王家卫
1292659,吴宇森
3073124,邓肯·琼斯
1308767,保罗·格林格拉斯
1296909,杰拉尔·乌里
1419936,安德鲁·尼科尔
1292287,李惠民
3007773,理查德·柯蒂斯
1304073,郭在容
1307811,宫崎骏
2053515,约翰·卡尼
1966182,彼得·杰克逊
1302467,安迪·沃卓斯基 
1302467, 拉娜·沃卓斯基
1292062,萨姆·门德斯
1292270,达伦·阿伦诺夫斯基
3530403,汤姆·提克威 
3530403, 拉娜·沃卓斯基 
3530403, 安迪·沃卓斯基
1292233,斯坦利·库布里克
1294638,史蒂文·斯皮尔伯格
1308575,易智言
1300117,安德鲁·尼科尔
1291853,安东尼·明格拉
1291568,小津安二郎
1905462,西恩·潘
3072086,马克·韦布
4305436,彭浩翔
1293964,茂文·勒鲁瓦
1959195,神山征二郎
1292214,布莱恩·辛格
1308857,陆川
3789848,丹·斯坎伦
6549903,本·阿弗莱克
2365260,楚克‧萨克瑞科
3993559,魏德圣
3217169,加文·欧康诺
1292286,郭在容
3731581,卡洛斯·沙尔丹哈
6019180,金英卓
3205624,大卫·芬奇
1867345,罗伯·莱纳
3824274,莫娜·阿查切
1301171,盖·里奇
2363506,阿米尔·汗 
2363506, 阿莫尔·古普特
1298653,罗伯特·泽米吉斯
1292728,迈克尔·贝
4798888,彼得·沃纳
1299327,尼尔·乔丹
1428175,爱德华·兹威克
11529526,陈可辛
3649049,张艺谋
1293181,阿尔弗雷德·希区柯克
5977835,许鞍华
3793783,阿方索·卡隆
3824672,郑芬芬
1293460,斯坦利·多南 
1293460, 吉恩·凯利
10535568,阿布戴·柯西胥
1307106,刘伟强 
1307106, 麦兆辉
1482072,大卫·弗兰科尔
1291992,雷德利·斯科特
3233635,余仁英
3168089,马修·沃恩
1300374,弗兰克·德拉邦特
6537486,弗朗索瓦·欧容
4826419,张哲洙
3726072,王家卫
1297478,加美·尤伊斯
1296753,迈克尔·柯蒂斯
1300960,吕克·贝松
1308777,米歇尔·冈瑞
1300741,杜琪峰
3011308,佐米·希尔拉
1292226,斯坦利·库布里克
3006772,尼尔·布洛姆坎普
3734112,陈国富 
3734112, 高群书
1292329,杨德昌
4876722,张猛
10574622,徐峥
1302476,袁建滔
1401118,赛尔乔·莱翁内
1293908,查理·卓别林
1828115,李安
2124586,皮埃尔·莫瑞尔
5908478,秋昌民
1304141,安迪·沃卓斯基 
1304141, 拉娜·沃卓斯基
1301617,莱塞·霍尔斯道姆
1293929,克林特·伊斯特伍德
4191644,罗勒·莎菲
1308865,朴赞郁
3364223,巴兹·鲁赫曼
1297518,王晶
1794171,迈克尔·贝
3821067,王家卫
1316572,崔洋一
3157605,劳伦·泰拉德
4206357,大卫·芬奇
1309060,蒂姆·波顿 
1309060, Mike Johnson
1291580,昆汀·塔伦蒂诺
1890572,塔西姆·辛
1292056,费利普·弥勒
3274505,鲁伯特·瓦耶特
1307315,严定宪 
1307315, 王树忱 
1307315, 徐景达
2027938,杜琪峰 
2027938, 韦家辉
10484041,冲田修一
1292925,罗伯·莱纳
1962116,文森特·帕兰德 
1962116, 玛嘉·莎塔琵
1309016,克林特·伊斯特伍德
3006309,罗宏镇
1307394,今敏
1307793,岩井俊二
1291824,雷德利·斯科特
1972729,肖恩·利维
4319218,伍迪·艾伦
1291586,安德鲁·斯坦顿 
1291586, 李·昂克里奇
2369845,西谷弘
6880497,内田贤治
1777612,乔纳森·戴顿 
1777612, 维莱莉·法瑞斯
10574468,薛晓路
2161696,肯·卡皮斯
10537853,王竞
1294194,侯孝贤
1315574,戈尔·维宾斯基
1292484,布莱恩·德·帕尔玛
5323968,吉尔莫·德尔·托罗
6536180,安德雷斯·拜兹
1759386,韦斯·安德森
1293530,雷德利·斯科特
1292348,柯蒂斯·汉森
1298759,拉斯·冯·提尔
1299361,李廷香
1309069,克里斯托弗·诺兰
1844413,科斯汀·谢里丹
1292218,沃尔特·塞勒斯
1959877,宫崎骏
1307739,李力持 
1307739, 周星驰
1291831,马可·图利欧·吉欧达纳
1296996,克里斯·哥伦布
6517421,路易斯·莱特里尔
3743114,罗宏镇
10450409,魏德圣
1783457,马克·奥斯本 
1783457, 约翰·斯蒂文森
10437779,朴勋政
1295646,查理·卓别林
1296217,格里高利·霍布里特
7059671,朱塞佩·托纳多雷
3642843,J·J·艾布拉姆斯
1307528,李杨
1292275,汤姆·提克威
1301169,史蒂芬·戴德利
1308779,罗兰·艾默里奇
3552028,约翰·李·汉考克
3005875,罗兰·艾默里奇
1292222,马丁·斯科塞斯
1920805,朱里安·杰拉德
4847665,斯蒂芬·切波斯基
1298898,杜琪峰
1793491,布拉德·伯德 
1793491, 简·皮克瓦
1433360,刘伟强
1291543,周星驰
2076181,雅克·范·多梅尔
2222996,是枝裕和
1418752,伊恩·索夫特雷
1310177,今敏
1300656,詹姆斯·卡梅隆
1293088,克里斯·哥伦布
4873490,滕华涛
3178770,康拉德·弗农 
3178770, 埃里克·达尼尔 
3178770, 汤姆·麦格拉思
1432146,乔恩·费儒
1305903,文森佐·纳塔利
2028666,克林特·伊斯特伍德
1303173,冯小刚
1325958,布莱克·爱德华兹
1305666,史蒂芬·戴德利
1299603,昆汀·塔伦蒂诺
1291936,押井守
7064681,细田守
1299288,关锦鹏
1293749,弗兰克·卡普拉
4914468,麦克·特米尔 
4914468, 史蒂夫·马蒂诺
1301459,亚历杭德罗·阿梅纳瓦尔
1308820,岩井俊二
1298744,特瑞·吉列姆
10733376,张荣吉
1300613,哈罗德·雷米斯
1820156,弗朗西斯·劳伦斯
1292330,侯孝贤
4206436,史蒂文·斯皮尔伯格
1298038,罗杰·米歇尔
1291565,西维亚·乔迈
1306607,Iain Softley
6393127,魏德圣
1291544,阿方索·卡隆
1291575,约翰·拉塞特
1316580,金基德
1309101,蒂姆·波顿
1292523,史蒂文·斯皮尔伯格
1293399,米洛斯·福尔曼
1863766,内森·格雷诺 
1863766, 拜伦·霍华德
1307766,霍建起
6879185,史蒂夫·麦奎因
1418192,戈尔·维宾斯基
1301726,让-雅克·阿诺
3792848,泰特·泰勒
1301445,巴里·索南菲尔德
2132495,贾森·雷特曼
1298128,诺拉·艾芙隆
1309172,彼得·西格尔
1756073,马俪文
1293203,杰瑞·扎克
1300572,侯孝贤
11500954,石井裕也
1945330,弗兰克·德拉邦特
1769507,皮埃尔·布特龙
6537500,林诣彬
6791750,宫崎骏
1292055,沃尔夫冈·贝克
6057942,张哲洙
1293764,凯文·科斯特纳
3094909,大卫·O·拉塞尔
4249355,李桢凡
4304402,若泽·帕迪里亚
1291838,宫崎骏
1428581,王树忱 
1428581, 钱运达
1294417,程小东
1306505,张艺谋
2357162,卡洛斯·沙尔丹哈 
2357162, 麦克·特米尔
20388223,林超贤
1806555,埃德加·赖特
1292225,斯坦利·库布里克
1308741,伍仕贤
4798707,迈克尔·哈内克
3231742,沙恩·布莱克
3230459,曹保平
1300555,罗伯特·泽米吉斯
1306939,李安
1301168,李安
5360889,韦斯·安德森
1293145,乔纳森·戴米
1309055,迈克·内威尔
6538833,亚历山大·佩恩
10772258,谢立文
1293351,李力持 
1293351, 周星驰
1303815,法兰西斯·威柏
1303246,乔·舒马赫
1950148,乔·赖特
3275168,汤姆·福特
1293323,张艺谋
1295647,罗伯特·泽米吉斯
4861627,康大奎
1300618,西蒙·韦斯特
4237879,叶伟民
10576419,伍迪·艾伦
1437342,卡洛斯·沙尔丹哈
1309199,道格·里曼
1293434,F·加里·格雷
1937502,马克·福斯特
5308265,周星驰 
5308265, 郭子健
1299080,阿尔弗雷德·希区柯克
3399559,冲田修一
3550132,姜炯哲
1293527,托尼·凯耶
1857099,伊桑·科恩 
1857099, 乔尔·科恩
1300056,弗朗索瓦·特吕弗
1921583,西维亚·乔迈
1308804,李宰汉
1291588,高畑勋
1292337,是枝裕和
1291842,罗伯·莱纳
1297102,南希·迈耶斯
1424334,雅克·贝克
6097775,迈克尔·哈扎纳维希乌斯
1300616,彭浩翔
2063528,李杨
3212221,汤姆·摩尔 
3212221, Nora Twomey
3233761,托德·菲利普斯
1292047,克日什托夫·基耶斯洛夫斯基
1301106,诺夫·舒贝尔
2124724,周杰伦
1433990,Peter Levin
1293013,罗兰·艾默里奇
2051007,大卫·叶茨
1307694,刘伟强 
1307694, 麦兆辉
1885124,罗伯特·斯文克
1308843,亚历克斯·普罗亚斯
1306664,朴赞郁
1297880,谢晋
2044089,马丁·麦克唐纳
6386345,彭浩翔
1293315,杜琪峰
4230918,权炯辰
1301746,雷德利·斯科特
1295045,安东尼·明格拉
3660428,中村义洋
1294183,格里高利·霍布里特
1307542,雷德利·斯科特
1292529,克里斯·哥伦布
3071441,奉俊昊
4164444,丹尼·博伊尔
1441238,约翰·卡兰
1297223,王晶
3430271,Sherry Horman
3041749,柯克·琼斯
1292048,克日什托夫·基耶斯洛夫斯基
1292288,奥逊·威尔斯
1292267,加斯·詹宁斯
2146991,迈克尔·贝
1291584,昆汀·塔伦蒂诺
1308833,金基德
2124703,宁浩
1421809,侯孝贤
3269068,格恩迪·塔塔科夫斯基
1329936,谷德昭 
1329936, 周星驰
1295873,维托里奥·德·西卡
1981242,伍迪·艾伦
1300282,约瑟夫·鲁斯纳克
1293708,安南德·图克尔
3737102,钮承泽
1293838,乔治·卢卡斯
6890730,梁乐民 
6890730, 陆剑青
2982823,原惠一
19945757,Umesh Shukla
1322848,斯坦利·库布里克
1292268,马丁·斯科塞斯
1291868,让-雅克·阿诺
11525673,韦斯·安德森
25798222,陈可辛
4202982,克里斯·巴克 
4202982, 珍妮弗·李
4746257,道格·里曼
25807345,詹姆斯·沃德·布柯特
3804891,宁浩
6722879,斯派克·琼斯
10485647,布莱恩·辛格
21937445,杨宇硕
2209575,理查德·林克莱特
21937452,李濬益
25750969,丹·吉尔罗伊
11606328,彼得·杰克逊
2133323,本·斯蒂勒
24879820,黄东赫
24741412,矢口史靖
6985803,让-皮埃尔·热内
4116480,保罗·格林格拉斯
6803494,朗·霍华德
10571509,是枝裕和
1292553,詹姆斯·卡梅隆
1292326,皮埃尔·莫瑞尔
1433577,伍迪·艾伦
1292371,岩井俊二
6776051,瑞恩·墨菲
1920796,理查德·拉·格拉文斯
25745651,泽维尔·多兰
1291839,雷德利·斯科特
25858604,罗丝·博斯
1292229,奥利佛·斯通
5318669,杜家毅
2969282,加布里尔·穆奇诺
3023164,贝尼特·米勒
1294362,乔治·卢卡斯
4066125,胡安·何塞·坎帕内利亚
1892578,荻上直子
6080840,方银振
1297995,加里·特洛斯达勒 
1297995, 柯克·维斯
3397503,A.R. Murugadoss
1295686,迈克尔·曼
1309078,乔治·卢卡斯
1300055,斯坦利·库布里克
1307856,黄建新 
1307856, 杨亚洲
1296528,厄文·克什纳
3626372,乔尔·科恩 
3626372, 伊桑·科恩
3036460,奉俊昊
1307697,罗伯·马歇尔
6010171,冲浦启之
1292289,张艾嘉
1292260,弗朗西斯·福特·科波拉
3077668,许鞍华
1850963,蜷川实花
3707070,泽维尔·多兰
1304056,恩斯特·马利斯卡
1297862,吴宇森
1298909,泰勒·海克福德
1450031,梅尔·吉布森
1304972,姜帝圭
19955828,罗曼·波兰斯基
1296987,伍迪·艾伦
1299193,李安
4913185,罗曼·波兰斯基
1293818,简·坎皮恩
1340517,克劳德·比诺多
1309071,雷德利·斯科特
3586725,李海准
1292895,陈嘉上
2361826,佐藤祐市
1306914,泰德·戴米
1301025,谢尔盖·索洛维约夫
2033187,Brad Isaacs
21098725,埃米尔·拜加津
1300375,马塞尔·卡尔内
1306019,萨蒂亚吉特·雷伊
1306850,F.A.布拉贝克
1298944,王童
1776964,绪方明
1303388,Fred C. Newmeyer 
1303388, 山姆·泰勒
1307898,胡金铨
1299067,让-皮埃尔·达内 
1299067, 吕克·达内
1300842,小津安二郎
1300352,巴斯特·基顿
4730796,Darragh Byrne
1466403,让-皮埃尔·梅尔维尔
5153875,Yasemin Samdereli
1417545,山田洋次
1293306,维姆·文德斯 Wim Wenders
1294139,严浩
1432669,米哈依尔·卡拉托佐夫
5446283,Jean-Claude Sussfeld
1294477,迈克·李
1300827,努里·比格·锡兰
1300955,贝纳尔多·贝托鲁奇
1299330,鲍勃·福斯
5401681,John Little
1305323,Alberto Cavalcanti 
1305323, 巴兹尔·迪尔登 
1305323, 查尔斯·克瑞奇顿 
1305323, 罗伯特·哈默
1437023,维姆·文德斯
1298026,彼得·博格丹诺维奇
1305337,让-皮埃尔·达内 
1305337, 吕克·达内
1304204,比尔·普莱姆顿
1292597,罗伯特·奥尔德里奇
1299433,让·维果
1298455,迈克尔·卡顿-琼斯
1424618,成濑巳喜男
1302082,成濑巳喜男
1298024,约翰·杜根
1297767,唐书璇
1308607,王童
19955955,亚历桑德罗·佐杜洛夫斯基
1294605,比利·怀德
1840265,中原俊
1296043,彼得·博格丹诺维奇
3228134,赖纳·维尔纳·法斯宾德
1299885,朱尔斯·达辛
1296762,沃尔克·施隆多夫
1401895,阿基·考里斯马基
1432631,罗兰·苏素·里希特
20326557,Gilles Maheu
1757925,奥德里奇·利普斯基
3136240,Ladd Ehlinger Jr.
1293876,维姆·文德斯
1307971,王童
1303471,阿巴斯·基亚罗斯塔米
1303463,克劳德·夏布洛尔
1306848,扬·霍布雷克
1305235,F·W·茂瑙
1300817,苏赫拉布·沙希德·萨利斯
1300034,黑泽明
1292536,伍迪·艾伦
1899630,杰克·阿诺德
1296659,查理·卓别林
1437410,迈克尔·哈内克
1296338,让-吕克·戈达尔
2983255,多罗塔·肯杰尔扎沃斯卡
1301725,伊斯特凡·萨博
1298317,Radha Bharadwaj
2269338,弗兰科·皮亚维奥利
1300347,布莱恩·G·赫顿
1292996,诺曼·杰威森
1303287,卡罗尔·巴拉德
1296872,市川昆
1464535,冯小宁
1469105,约翰·弗兰克海默
1422186,依莱姆·克里莫夫
1303521,阿巴斯·基亚罗斯塔米
1300522,让-吕克·戈达尔
1297200,约翰·兰迪斯
1422914,Michael McGowan
1298561,小林正树
1292681,斯派克·李
1306830,李少红
1294580,森田芳光
1475239,杨·史云梅耶
1779498,约翰·卡尼
1467097,王童
1478398,安诺斯·托马斯·延森
1299026,科斯塔-加夫拉斯
10455077,汤姆·沃恩
1299830,史蒂文·索德伯格
1295268,维特·荷默
3597344,Steven Silver
1962160,安德烈·萨金塞夫
1303637,王童
1303571,费德里科·费里尼
1303526,克劳德·夏布洛尔
1292890,罗伊·沃德·贝克
1296235,卡尔·弗兰克林
1303357,彼得·博格丹诺维奇
1297546,米开朗基罗·安东尼奥尼
25757182,郭春晖
1303065,小栗康平
1401522,寺山修司
3095492,筱原哲雄
1401520,寺山修司
1293266,卡罗琳 汤普森 (Caroline Thompson (I))
1298497,霍华德·霍克斯
1297622,多罗塔·肯杰尔扎沃斯卡
1303554,奥逊·威尔斯
3212291,哈维尔·费舍尔
1301594,王颖 
1301594, 保罗·奥斯特
3921106,皮娜·鲍什
1421309,埃里克·侯麦
1299042,吴天明
1305607,李翰祥
1439859,Bernhard Wicki
1394495,宁瀛
1293037,罗伯特·奥特曼
1308510,吉米·村上
1897967,托马斯·沃瑞
1294297,David Evans
1866433,让·德拉努瓦
1299775,皮埃尔·保罗·帕索里尼
1868933,香特尔·阿克曼
1439463,彼得·沃特金
1292684,罗纳德·尼姆
1294418,比利·怀德
1401368,乔治·威廉·巴布斯特
1297109,艾伦·帕克
1304405,小津安二郎
3683594,小林政广
1299176,韦斯·克雷文
1306559,萨蒂亚吉特·雷伊
1858233,森田芳光
1307320,黄蜀芹
1400649,罗兰·贝科夫
1299608,霍华德·霍克斯 
1299608, 理查德·罗森
1294746,恩斯特·刘别谦
1293190,马丁·里特
1292768,约翰·卡索维茨
1904606,亚历山大·涅夫佐罗夫
14802605,Prakash Jha 
14802605, 帕卡沙·加
1303558,卢奇诺·维斯康蒂
1308097,亚历山大·罗戈日金
1295720,萨蒂亚吉特·雷伊
1298710,罗伯托·贝尼尼
1302815,费德里科·费里尼
1304596,巴克迪亚·库唐纳扎洛夫
1302167,普皮·阿瓦蒂
1304749,阿基·考里斯马基
1307745,Mohammad-Ali Talebi
1294704,弗雷德·威尔科克斯
1294287,深作欣二
1298704,小津安二郎
1303573,沟口健二
1864784,James T. Walker
1294627,马克·斯蒂文·约翰逊
1293219,卡罗尔·里德
1945628,欧文·勒纳
5969484,Jeff Wurtz
1308972,保罗·费格
4719384,桑弧
1298778,托尼·比尔
1294754,西蒙·温瑟
1295211,John G. Blystone 
1295211, 巴斯特·基顿
1295785,克洛德·果雷塔
1293614,科斯塔-加夫拉斯
6037981,朴熙坤
1296852,Dan Curtis (I)
1296674,赖斯扎德·布加斯基
1293412,查尔斯·马丁·史密斯
1305032,朱尔斯·达辛
1919626,Rajkumar Hirani
1303600,沟口健二
3445575,阿斯哈·法哈蒂
1302338,雅克·特纳
1301013,James Frawley
1303877,达格·卡利
1306027,沃纳·赫尔佐格
1293525,约翰·卡索维茨
1302272,沃伊齐希·哈斯
1308436,安振宇
2000736,颜碧丽
1483878,杨延晋
3008143,菲利普·考尔德隆
3072172,Lynn Roth
1293776,埃里克·侯麦
1301122,马克斯·奥菲尔斯
1296116,拉斯·冯·提尔
1479945,戴米恩·奥唐纳
1303566,卡尔·西奥多·德莱叶
5324771,让-克里斯托夫·罗歇
1298863,赖纳·维尔纳·法斯宾德
1296161,胡金铨
2082264,Ivan Fíla
3418199,杨·史云梅耶
1303638,刘镇伟 (Jeffrey Lau)
1300520,布鲁斯·贝尔斯福德
1292885,亚历山大·柯达
1299125,今村昌平
1419052,沈浮
1295134,约翰·福特
1303740,Henry Bean
1293608,恩斯特·刘别谦
1296369,杨·史云梅耶
6855109,Vahe Gabuchian
1401347,河濑直美
1769033,兰德尔·克莱泽
1758439,迈克尔·卡顿-琼斯
1477924,林太郎
1295759,西奥·安哲罗普洛斯
3004512,长崎俊一
1303041,加布里埃尔·萨瓦特瑞斯
2001296,西奥·安哲罗普洛斯
2268267,Ilmar Raag
1307038,篠田正浩
1302814,洛特·雷妮格
1416907,沃伊齐希·哈斯
1466243,朱塞佩·德·桑蒂斯
1770980,杰克·高德
1293624,乔·德特杜巴
1473840,五社英雄
1299446,沃尔特·希尔
1437409,迈克尔·哈内克
1416877,凯·波拉克
1303553,约瑟夫·罗西
1304953,路易·马勒
1768214,Maurice Phillips
1441039,小林正树
1297226,比尔·康顿
1486017,乔拉·赫兹
4036518,Anthony Geffen
1293153,罗伯托·罗西里尼
1301500,尼古拉斯·希特纳
1477717,维克多·艾里斯
1306426,保罗·格林格拉斯
2052298,朱拉·亚库比斯克
1326538,马里奥·莫尼切利 
1326538, 斯坦诺
10581620,Anna van der Heide
1298271,让-雅克·阿诺
1465471,维克多·斯约斯特洛姆
1754812,西河克己
1296976,埃里克·侯麦
1303602,沟口健二
2053339,Patricia Riggen
1292830,杨·卡达尔 
1292830, 艾尔玛·克洛斯
1294516,约翰·霍克
1303087,塞基·鲍格农
1297589,黑泽明
1303710,新藤兼人
1296482,玛琳·格里斯
1296344,马丁·罗森
1304258,米歇尔·冈瑞
1297601,罗伯特·本顿
1421742,Renny Rye
1302917,今村昌平
6839118,中村哲平
1293240,Art Stevens 
1293240, Richard Rich 
1293240, Ted Berman
2121871,岛村达雄
1303174,安杰依·瓦伊达
1295897,维姆·文德斯
1293428,米开朗基罗·安东尼奥尼
3326930,Özcan Alper
1818751,Aditya Chopra
1306121,赵崇基 (Sung Kee Chiu)
1301923,埃里克·冯·施特罗海姆
1419984,让-克洛德·洛宗
1298312,弗里茨·朗
1293109,克日什托夫·基耶斯洛夫斯基
1293157,理查德·唐纳
5299155,Bret Haaland
1303077,黑泽明
1293321,罗伯托·罗西里尼
1303598,新藤兼人
1303186,皮亚托·杰米
1439560,本杰明·克里斯滕森
1299136,维托里奥·德·西卡
2063530,克里斯蒂安·内梅斯古
1929444,Isabelle Doval
1303080,米洛斯·福尔曼
1438081,Yash Chopra
1892333,菅原比吕志
1432637,路易·马勒
1295320,艾特·迪·彭吉云
1303289,詹姆斯·布里奇斯
2062564,西河克己
1297201,路易·马勒
1304254,亨利·维尼尔
1297441,亨利·科斯特
1304870,亚历山大·索科洛夫
1296936,埃利达尔·梁赞诺夫
1292851,罗纳德·F·麦克斯维尔
1304558,Charles A. Nichols 
1304558, Iwao Takamoto
1292565,霍华德·霍克斯 
1292565, 阿瑟·罗森
6799133,Vincent Morisset
1298487,山田洋次
1308278,小津安二郎
1300614,安东尼·阿斯奎斯 
1300614, 莱斯利·霍华德
1440106,谢尔盖·帕拉杰诺夫
1301130,冈本喜八
1303362,吉尼·萨克斯
1438733,Katja von Garnier
1298182,谢尔盖·爱森斯坦
1297440,彼特·克林逊 Peter Collinson
1308311,小津安二郎
1308721,谢尔盖·邦达尔丘克
1438068,让-皮埃尔·梅尔维尔
1293835,弗雷德·金尼曼
2380440,刘国昌
1947699,Jim O'Brien
1303609,降旗康男
4176665,勝間田具治
1807990,出崎統
1294022,稻垣浩
1292671,彼德·卡索维茨
1299629,李仁港
2239222,Simon Shore
1302347,巴赫曼·戈巴迪
1758645,Michael Lindsay-Hogg
6129661,罗杰·萨金特
3722566,羽原信义
1926106,Tommy Chong 
1926106, Lou Adler
3390253,Thierry Binisti
1293745,伊丹十三
10455078,约翰·史翠兰
1297476,朱利恩·杜维威尔 
1297476, 约瑟夫·冯·斯登堡 
1297476, 维克多·弗莱明
3292168,Abdullah Oguz
1309001,迈克·李
3336237,Lance Daly
1299257,罗伯托·罗西里尼
2150083,Peter Avanzino
1420116,卡尔·西奥多·德莱叶
1303512,杰瑞·沙茨伯格
1299122,沃夫冈·雷瑟曼
1460443,竹之内和久 
1460443, 西尾大介
1306266,埃曼诺·奥尔米
4845397,西尔扎提·亚合甫
1306418,伊利·曼佐
1422055,贝拉·塔尔
1901771,柯内流·波蓝波宇
1302119,埃曼诺·奥尔米
1302321,布莱恩·G·赫顿
2079735,胡杰
1305533,Aleksandr Alov 
1305533, Vladimir Naumov
1304711,泽井信一郎 (Shinichirô Sawai)
1293529,布莱克·爱德华兹
1980405,Steve Stockman
1303687,汤姆·迪西罗
1296067,理查德·阿滕伯勒
1421676,蔡楚生
1309002,Piet De Rycker 
1309002, Thilo Rothkirch
1401244,Martine Dugowson
1300957,英格玛·伯格曼
6788731,Lisa Barros D'Sa 
6788731, Glenn Leyburn
1475649,巴尔登·胡安·安东尼奥
1305567,内田吐梦
3286099,约翰·亚历山大
1297024,Grigori Aleksandrov 
1297024, 谢尔盖·爱森斯坦
1306388,Yurek Bogayevicz
3080904,Steve Loter
1305896,卡尔·西奥多·德莱叶
1306847,法兰提塞·维拉席
1469497,保罗·考克斯
1301428,阿瑟·佩恩
1452560,梅迪·夏夫
1394410,阿涅斯·瓦尔达
1440382,Juan Carlos Cremata Malberti 
1440382, Iraida Malberti Cabrera
1298340,莫里斯·恩格尔 
1298340, 雷·阿什利 
1298340, 鲁思·奥金
1299144,安东尼·明格拉
1303033,朱塞佩·托纳多雷
3002616,巴德·伯蒂彻
1302567,泽西 霍夫曼 (Jerzy Hoffman)
1295401,畑正宪
1303042,Friðrik Þór Friðriksson
1449406,Fabrizio Costa
1303089,马里奥·莫尼切利
1293620,西德尼·吕美特
1299677,西德尼·吕美特
1298485,斯蒂芬·科洛弗
2224967,俞钟
1299245,朱尔斯·达辛
1422299,Thom Eberhardt
1308628,François Dupeyron
1307601,费尔南多·索拉纳斯
1778678,孙沙
1437013,皮埃尔·保罗·帕索里尼
1293893,鲁本·马莫利安
1304178,高志森
1294609,Graeme Clifford
2050557,Esteban Sapir
1303064,伊斯特凡·萨博
1301217,让-吕克·戈达尔
2974293,汉娜·玛克玛尔巴夫
1295786,Richard C. Sarafian
1298415,Brian Mills
2150085,Peter Avanzino
1441038,小林正树
1437432,冈本喜八
3279628,安东尼·阿斯奎斯
1298619,孙瑜
2082176,四分一节子 Setsuko Shibuichi
1298754,黑泽明
3153894,Bogdan Dumitrescu
1303043,扬·斯维拉克
1850003,文森特·明奈利
1292968,西德尼·富兰克林
1471410,伊利·曼佐
1470093,Xaver Schwarzenberger
1862913,谢雷·福克森
1294998,Duwayne Dunham
1440613,萨蒂亚吉特·雷伊
1292210,大卫·里恩
1303377,阿基·考里斯马基
1305995,布雷梯斯拉夫·波杰
1292894,伍迪·艾伦
1306016,弗里茨·朗
1292872,约翰·辛格顿
1421739,Edward Bennett
1304763,安东尼·阿斯奎斯
1295778,皮尔斯·哈格德
1293104,Anthony Harvey
1294378,筱田正浩
1353734,英格玛·伯格曼
3769466,古斯塔沃·罗恩
1303023,卡洛琳·林克
1929726,Giacomo Battiato
1294681,谢尔盖·格拉西莫夫
1301304,Jean Becker
1469239,路易·德·菲耐斯 
1469239, Jean Girault
3989609,Mark Rance
1302463,阿瑟·希勒
1440954,孙周
1506770,罗斯·大卫尼斯
1292853,英格玛·伯格曼
1303495,格利高利·丘赫莱依
1308708,迈克尔·托林
2038228,Coline Serreau
1465938,深作欣二
1305213,泰勒·海克福德
4176666,胜间田具治 
4176666, 冈田裕介
3240529,Rustem Abdrashitov
1421737,Brian Farnham
1295538,南茜·萨沃卡
1302766,大岛渚
1766068,Rakesh Roshan
1295740,阿伦·雷乃
2216828,陈戈 
2216828, 沈剡
1417050,Lloyd Kramer
1470383,Andrew Solt
1304591,埃曼诺·奥尔米
1305620,Majid Majidi
1401521,寺山修司
1300510,大岛渚
1421741,爱德华·本内特
1303337,谢尔盖·帕拉杰诺夫 
1303337, 多多·阿巴希泽
2059318,Jean Becker
3195098,西蒙·柯蒂斯
1867888,弗里茨·朗
3922263,藤井謙二郎
1459515,黑土三男
1308461,裵鏞均
1293623,米开朗基罗·安东尼奥尼
1925081,迈克尔·雷·罗德斯
1306987,安德鲁·格里弗
1294793,乔瑟琳·穆尔豪斯
1294005,伊利亚·卡赞
1424219,長谷川康夫（Yasuo Hasegawa）
1299337,成濑巳喜男 (Mikio Naruse)
1294191,林权泽
1300980,Jeff Woolnough
1404702,成濑巳喜男
4074143,白兴武
1295053,乔·德特杜巴
1789047,Graham Theakston
24380773,安迪·威尔逊
1448827,Sogo Ishii
1293094,吉恩 凯利 (Gene Kelly)
1302993,维托里奥·德·西卡
1300959,吕克·贝松
1848300,马克斯·奥菲尔斯
1297274,阿瑟·佩恩
1547189,野村芳太郎
25717233,宁浩
25805741,韩寒
24745500,路阳
21941804,刁亦男
24743711,陈正道
6973376,赵薇
24879858,俞白眉 
24879858, 邓超
21352814,张艺谋
24843198,郭帆
20020577,娄烨
10605978,冯小刚
11510624,非行
10545939,许鞍华
20376577,郭敬明
6011806,管虎
24847340,郭敬明
6799191,陈凯歌
4212172,成龙
20513059,黄真真
10726941,麦兆辉 
10726941, 庄文强
24736566,陈思诚
20515070,钮承泽
24751754,田羽生
10763164,陈木胜
3596502,冯小刚
5996801,徐克
1291550,冯小刚
10344754,杜琪峰
6872273,杜琪峰
24721493,郭敬明
1859036,陈木胜
6730004,钮承泽
4724739,杜琪峰
25755645,肖央
5422105,麦兆辉 
5422105, 庄文强
1297747,周星驰
3313801,冯小刚
11625097,王晶 
11625097, 钟少雄
1961963,周星驰
25713408,邹佡
1297863,陈嘉上
19973815,吴基焕
2135981,陈嘉上 
2135981, 钱永强
3412882,麦兆辉 
3412882, 庄文强
10833923,滕华涛
6011805,冯小刚
4271894,冯小刚
6829652,杨雅喆
1302090,陈嘉上
6041191,麦兆辉 
6041191, 庄文强
3041806,叶伟信
4151110,张艺谋
3626416,陈德森
4896304,徐克
5319835,陈正道
4218768,乌尔善
1291555,王家卫
3158990,魏德圣
1306160,陈木胜
5317291,郑保瑞
4176542,管虎
25777330,黄真真
1433736,刘伟强
6080775,宁浩
11614603,林爱华
20266753,丁晟
22715021,麦浚龙
4709904,麦曦茵
1418070,陈可辛 
1418070, 赵良骏
1300498,叶伟民
4059245,李玉
1306123,张艺谋
10833924,周杰伦
1329562,刘伟强 
1329562, 麦兆辉
1428602,叶伟信
1890784,尔冬升
1309220,杜琪峰
4066206,夏永康 
4066206, 陈国辉
3412830,徐克
20513061,叶伟民
1499148,王家卫
1299661,娄烨
16475702,金依萌
1304624,王家卫
24735062,刘杰
20444530,李蔚然
10604486,王子鸣
20388198,袁锦麟
1907464,冯小刚
10438426,娄烨
6878446,李玉
1299680,王晶
1766086,姜文
25753166,江金霖
1305355,杜琪峰
1307323,刘镇伟
2294568,陆川
1308078,冯小宁
3578981,叶伟信
4718369,王全安
3532614,杜琪峰
1306951,王晶
1307023,唐季礼
4913200,尔冬升
4728584,刘伟强
3543690,韩三平 
3543690, 黄建新
1304022,冯小刚
1305265,马伟豪
1298644,元奎 
1298644, 刘镇伟
3820191,徐静蕾
1303451,侯孝贤
4896263,张一白
1299765,刘镇伟
4004731,薛晓路
1473074,刘伟强
1484760,杜琪峰
4843637,顾长卫
5993185,林书宇
1499008,张艺谋
1299643,常光希
1307014,冯小刚
1949812,高群书
1298112,王家卫
3732780,萧雅全
20443013,郭子健
1927686,张建亚
1300883,王晶
1300064,高志森
10807916,张之亮
4009651,管虎
1308722,张艺谋
4133814,林超贤
1408312,朱延平
1308747,冯小刚
4942776,陈可辛
1300566,王晶
3240208,金依萌
1419969,陈凯歌
1790577,杜琪峰
11627068,王竞
1308799,徐静蕾
6782006,孙周
20515977,林超贤
1303203,杜琪峰 
1303203, 韦家辉
24736526,彭浩翔
1296436,张艺谋
1301283,刘伟强
6991110,罗志良
5244092,林育贤
1296201,陈嘉上
1465829,吴宇森
1418605,冯小刚
3683409,杨庆
1947089,陈可辛 
1947089, 叶伟民
4822848,尚敬
11501396,程耳
1306317,杨凡
2359431,陈木胜
1294963,张艺谋
1394324,李惠民 
1394324, 程小东
25785314,谢涤葵 
25785314, 林妍
1300303,陈木胜 
1300303, 成龙
2209368,尔冬升
1299745,李力持
4133988,尔冬升
3813779,苏照彬
1302977,王晶
3546019,陈凯歌
1296629,程小东
1297763,元奎
1308587,杜琪峰 
1308587, 韦家辉
1308252,林超贤
1293265,刘伟强
4097023,陈木胜
5290729,陈国辉 
5290729, 夏永康
3754946,李仁港
4906427,赵天宇
4154669,蔡岳勋
1294561,袁和平
1307762,程小东
5996800,冯德伦
1298443,徐克
10604893,陈嘉上 
10604893, 秦小珍
10604892,陈嘉上 
10604892, 秦小珍
10763157,彭发 
10763157, 彭顺
1950525,朱延平
25831326,卓韵芝
3013580,郑保瑞
4707230,王力宏
7155083,韩延
1439890,刘镇伟
1914831,陈正道
20378811,潘安子
3670447,王晶
3312344,林超贤
1297909,成龙
6527269,许秦豪
1949811,尹力
3230462,徐克
1309004,顾长卫
1295374,徐克
6124012,陈嘉上 
6124012, 秦小珍
1297304,胡金铨 
1297304, 徐克 
1297304, 金扬桦 
1297304, 李惠民 
1297304, 程小东 
1297304, 许鞍华
1301912,张婉婷
1853160,郑保瑞
2132220,张建亚
1292450,游达志
3928370,刘镇伟
3291930,吴宇森
6984064,丹尼·高顿
1304677,王晶
2044102,叶伟信
1303376,陈可辛
3279107,丁晟
3036997,顾长卫
1394968,冯小宁
3711760,叶伟信
1299059,王晶
3217122,陈骏霖
3732800,蒋雯丽
1308290,刘伟强
25792690,林德禄
4842877,崔健
1301198,张鑫炎
1296769,戴思杰
10540066,王晶
25778488,彭顺
1293475,徐克
1292704,徐克
1294007,张艺谋
1400868,成龙
1300359,杜琪峰 
1300359, 韦家辉
5194471,陈嘉上
1303184,罗志良
1300108,张艺谋
1872133,贾樟柯
1294927,马楚成
1296519,吴宇森
1293414,关锦鹏
2277018,谢立文
6869395,彭浩翔
1293422,林岭东
1304708,杨凡
4202204,陆川
1308655,马伟豪
3155477,俞飞鸿
4942778,程小东
1400665,杜琪峰 
1400665, 程小东
23163938,赖俊羽
1293607,马伟豪
1303590,张婉婷
1308111,杜琪峰 
1308111, 韦家辉
1295485,元奎
1302678,王晶
1292950,尔冬升
1303630,赵良骏
1298040,程小东 
1298040, 徐克
1292506,王晶
1302109,林爱华
10573695,冯德伦
3126196,王岳伦
1306692,罗志良
4917698,丁晟
1296253,冯小刚
25703430,邹凯光
1308811,元奎 
1308811, 梁柏坚
1307690,米家山
5908477,李仁港
4812830,王川
1305224,陆川
1305197,张坚庭
1307740,林超贤 
1307740, 甄子丹
3777800,岸西
4135434,王颖
5044737,王小帅
5977836,林超贤
1299436,侯孝贤
1295064,王晶
1307372,韦家辉
4135710,韩杰
2222995,丁晟
2070367,罗永昌
1296334,严浩
6721670,沈乐平
1867408,刘伟强 
1867408, 麦兆辉
5285669,叶念琛
1401962,徐克
1296011,唐季礼
1293765,于仁泰
1297068,元奎 
1297068, 小中和哉
6872244,张扬
2994851,刘伟强
4845414,陈大明
1298252,刘伟强
1292962,麦当杰
3264045,马楚成
1469441,张元
19967839,黎志
4858775,刘奋斗
1291850,贾樟柯
1297291,马楚成
4111416,张扬
1296837,王晶
10831449,李海蜀
1853621,张扬
1302434,杜琪峰
1478926,叶伟信
3718447,张艺谋
21354060,陈果
1295469,刘伟强
1308827,叶锦鸿
2080133,陈木胜
1366853,尔冬升
1308858,袁建滔
1296978,徐克 
1296978, 林岭东
1401205,徐克
1308338,徐克
1891179,陈凯歌
1393479,马楚成
1305114,梁鸿华
10467774,曲江涛
3212120,林书宇
4946963,郝杰
3033864,任旭东
4821046,麦兆辉 
4821046, 庄文强
6796158,赵林山
1306870,李小龙
1302455,张婉婷
1304648,张之亮
1306541,谷德昭
10604087,毕国智
10600271,杨采妮
1468155,彭浩翔
1299624,许鞍华
11443316,宋岳峰
25728590,谷德昭
6225992,陈正道
3344570,张建亚
1300894,吴贻弓
3642866,彭浩翔
24404677,吕克·贝松
7065154,詹姆斯·古恩
20438962,亚利桑德罗·冈萨雷斯·伊纳里多
24815950,詹姆斯·马什
6390823,安东尼·卢素 
6390823, 乔·卢素
7046723,马特·里夫斯
7054604,迈克尔·贝
2997076,马丁·斯科塞斯
4807924,塞思·麦克法兰
4824512,迪恩·德布洛斯
3025447,米凯尔·哈弗斯特罗姆
3592853,盖瑞·罗斯
6874456,弗朗西斯·劳伦斯
4301224,罗伯特·斯特罗姆伯格
6082518,马克·韦布
6560058,阿兰·泰勒
6424814,尼尔·博格
2063914,加里斯·爱德华斯
2132473,马克·福斯特
3143676,德鲁·高达
3771562,雷德利·斯科特
2138838,乔·庄斯顿
3642835,巴里·索南菲尔德
3066739,乔恩·费儒
5323957,加文·胡德
10598440,佐米·希尔拉
1401533,J·J·艾布拉姆斯
3148748,马修·沃恩
1298525,吴宇森
2268359,凯瑟琳·哈德威克
3227410,罗伯·马歇尔
2129132,马克·韦布
1484091,大卫·斯雷德
3217149,乔纳森·里贝斯曼
3895511,约瑟夫·科辛斯基
22733673,约什·布恩
3610047,迈克尔·贝
2336785,蒂姆·波顿
1433330,大卫·叶茨
1835843,肖恩·利维
2363876,萨姆·门德斯
11443314,卡洛斯·沙尔丹哈
1457217,大卫·叶茨
11610281,帕特里克·休斯
2998270,盖·里奇
4924142,安德鲁·尼科尔
3804629,温子仁
1302987,迈克尔·贝
1304899,罗伯·科恩
10450713,奥利维耶·达昂
1295250,布莱恩·辛格
1895120,温子仁
1866471,肯尼思·布拉纳
5155038,莫滕·泰杜姆
10810745,沃利·菲斯特
1767042,吉尔莫·德尔·托罗
1781126,大卫·芬奇
4845728,拉里·查尔斯
6887029,乔尔·科恩 
6887029, 伊桑·科恩
2049435,扎克·施奈德
1305724,布莱恩·辛格
1401524,布莱特·拉特纳
1306612,山姆·雷米
2028677,马丁·斯科塞斯
1300300,黄毅瑜
1792928,加文·胡德
1305065,盖瑞·马歇尔
3592859,丹尼斯·维伦纽瓦
10549480,布林·希尔
4051753,盖·里奇
1308755,埃德加·赖特
3718424,詹姆斯·曼高德
1306809,保罗·安德森
6827727,拉斯·冯·提尔
1297570,查克·拉塞尔
10546747,大卫·道金
10746175,罗兰·艾默里奇
1305333,乔纳森·莫斯托
1295280,巴里·索南菲尔德
3078609,爱德华·兹威克
1291835,索菲亚·科波拉
6731985,丹尼尔·科恩
1297018,汤姆·沙迪亚克
2132930,林诣彬
1301578,史蒂文·索德伯格
1304585,沙朗·马奎尔
2037012,萨姆·门德斯
3077791,贾森·雷特曼
3718269,卡米尔·狄拉玛
24698878,乔恩·费儒
1293531,吕克·贝松
3179706,莱恩·约翰逊
6873657,大卫·O·拉塞尔
3041269,尼尔·博格
3011997,詹姆斯·瓦特金斯
1291577,布拉德·伯德
1308752,亚历山大·维特
1297689,史蒂文·斯皮尔伯格
2213591,布尔·斯蒂尔斯
1793903,米凯尔·哈弗斯特罗姆
1300868,雷德利·斯科特
6040982,西蒙·韦斯特
3077742,若泽·帕迪里亚
1307442,约翰·辛格顿
4817901,温子仁
1309021,弗朗西斯·劳伦斯
1291836,彼得·韦柏
3606971,奥利维尔·米加顿
1329950,朗·霍华德
1945336,提莫·贝克曼贝托夫
2132932,J·J·艾布拉姆斯
3148027,克里斯·韦兹
1309201,埃里克·达尼尔 
1309201, 汤姆·麦格拉思
3654340,托德·菲利普斯
25867546,菲利普∙德∙肖伏隆
6021916,乔纳森·莱文
1291581,安德鲁·亚当森 
1291581, 维基·詹森
1308570,山姆·雷米
3036473,马克∙安德鲁斯 
3036473, 布兰达∙查普曼 
3036473, 史蒂夫·普切尔
3578925,卡梅伦·克罗
1292271,迈克·尼科尔斯
3819877,罗德里格·科特兹
3001077,托尼·吉尔罗伊
1652618,林诣彬
1308974,迈克·尼科尔斯
6753166,马丁·麦克唐纳
20257326,斯科特·沃
1866475,路易斯·莱特里尔
1307332,安东尼·明格拉
3338851,托马斯·阿尔弗莱德森
1410556,约瑟夫·麦克金提·尼彻
1296778,阿德里安·莱恩
2257732,肖恩·利维
1294833,巴里·库克 
1294833, 托尼·班克罗夫特
21334420,塞思·麦克法兰
10766459,吕克·贝松
1949312,彼得·博格
3101548,罗伯·明可夫
10792650,拉斯·冯·提尔
3279080,西尔维斯特·史泰龙
1498831,南希·迈耶斯
10763928,伦尼·阿伯拉罕森
4116481,尼尔·布洛姆坎普
4136036,金泰勇
5502697,崔东勋
6844868,赵成熙
25766529,金成勋
25700838,金大宇
6900092,李勇周
1763134,奉俊昊
20388224,曹义锡‍ 
20388224, 金丙书
1412579,朴赞郁
2037796,金容华
10877413,姜炯哲
1306526,李铉升
1305279,尹齐均
1827713,庾河
3805946,元泰渊
10487226,金基德
10432911,金性洙
5374383,许仁茂
24839498,李莲雨
10491641,卞成贤
6886518,柳昇完
24695966,金容钧
5353344,安相勋
21937438,郑根燮
5919538,宋一坤
25762566,郑朱莉
3992381,金亨俊
6869412,方银振
1304026,朴赞郁
1466394,李濬益
25780578,李道允
10508876,金辉
6539385,郑秉吉
1433556,朴光铉
24722875,沈成宝
1308047,金知云
25717896,李秀镇
10439235,郑基训
1390020,李焕庆
5924362,尹钟彬
3033085,罗喜灿
1306471,许秦豪
5364952,闵奎东
1308854,金基德
10563780,韩在林
1853770,李沧东
1459368,权宗官
1915180,崔东勋
5968834,金志勋
2999500,元新渊
6905169,闵奎东
1970437,朴恩亨 
1970437, 吴达均
20279443,鲁德
1763132,金基德
2054070,林大雄
3212965,李沧东
23712691,李翰
3077680,金正权
1299582,李沧东
2067450,朴镇彪
6839145,朴正祐
10563779,元新渊
25762254,高京娥
1390021,金豪俊
20399278,张俊焕
4817018,金大宇
1305530,金基德
24529254,金基德
1394424,金基德
1303145,李沧东
4328443,张勋
5501711,黄仁镐
1325399,金泰均
1389982,康佑硕
6900094,金大承
4901684,李圭满
11525705,朴信宇
1940880,金基德
24839091,许政
2063867,朴成均Seong-gyun Park
24879816,成时翕
3150346,尹鸿承
3600972,金镇英
3736691,申太罗
10733357,金东濒
3574495,李亨民
1394268,郭在容
1307941,边永柱
1306663,郭暻泽
10441571,郭暻泽
1850797,李焕庆
10508878,李贤中
4851900,张幼珍
5250349,李焕庆
24879819,李石勋
4313109,姜帝圭
1308499,尹载然
3319776,田允秀
3263169,梁允豪
6080756,林相润
1940094,宋海星
5279640,孙英胜
5387021,庾河
5985888,李翰
1431755,金容钧
3603547,梁益俊
1310170,边赫
20451307,尹钟彬
3401409,许秦豪
2364074,尹齐均
24756658,赵范九
1428421,裴炯俊
6041221,全桂洙
1395231,庾河
1308829,安兵基
3406467,张勋
1461124,方银振
3176525,崔东勋
21937434,郑益奂
5919334,郭暻泽
2298282,金泰均
1422089,许秦豪
11523504,赵珍奎
1307545,李翰
4817024,金炳坤
3025450,柳长河
10566662,国东锡
4300640,姜孝镇
23712401,韩东旭
1466910,吴基焕
24499012,李宰圭
19899663,金容汉
6710798,郑址宇
4861408,金炫锡
5294326,李廷香
25736455,林庆洙
24307625,赵容善
24743015,李桢凡
5919548,金韩民
11594901,宋海星
25710797,张律
21937442,金成浩 
21937442, 金辉 
21937442, 郑凡植 
21937442, 闵奎东
5908473,边永柱
1308596,金庆尚
1428344,崔益焕
3158429,闵奎东
1389971,李言熙
1296569,赵珍奎
1427789,元新渊
6829665,郑智泳
6965615,金赵光寿
20273800,李正浩
23712558,洪智暎
6514083,李尚宇
6905170,秋昌民
1972775,姜石范
2041876,金知云
2055699,李宋喜一
1306470,姜帝圭
6383567,Byun Seung-Wook
3074676,姜建享
2137060,韩在林
2422588,金基德
3126138,申汉率
1389937,金豪俊
3230195,金容华
1316698,郑胤澈
1401383,金知云
5912977,李胤基
4238950,柳昇完
1436679,郑勇基
1870118,赵珍奎
6557030,金柱浩
1299878,宋海星
10449606,权昊英
4193254,张勋
1302165,金相辰
1853752,朴赞郁
3026005,郑允秀
19963931,李洙成
10810269,曹根贤
1308802,崔东勋
1306020,李在容
1417753,朴英勋
10604227,裴亨俊
25786057,Jae-Young Shin
1306544,朴歧炯
1466907,田允秀
25780574,朴相骏
1850521,安兵基
20452442,尹鸿承
1308813,林赞相
4861402,金志勋
6886490,申太罗
2328749,郑凡植 
2328749, 郑植
1307146,金泰勇 
1307146, 闵奎东
6080755,林常树
2970163,郑胤澈
3119246,尹仁灏
25747029,金泰均
1300186,许秦豪
5032144,康佑硕
5407055,金正焕
2160439,金佑成
4282653,李载汉
2153579,张允炫
1390022,申东烨
1401137,孔正植
1308524,金基德
11598815,李元硕
1305561,洪尚秀
4129619,权昊英
1401523,金绮泳
1308491,朴英勋
3010828,李翰
4300641,金相万
5285675,郑允秀
5282434,金锡允
10851241,金亨俊
1389980,张贤洙
2229243,许秦豪
3711718,李宗容
10748092,康佑硕
20284848,河正宇
6717601,洪尚秀
25823125,吴仁天
21371664,洪尚秀
1394520,崔锡元
5992865,洪尚秀
2159676,李成康
1401587,奉俊昊
1308077,郭志均
1299408,林权泽
1307819,丁楚信
4707534,俞善东
20507022,林常树
1308206,李沧东
1297773,安兵基
5395262,金东元
3318473,郑允秀
25835479,金基德
1308101,洪尚秀
3992380,郑升求
5985887,李石勋
24855035,Seung-joon Lee
6126453,崔益焕
10558411,林顺礼
19899626,金成洪
6038071,金曲 
6038071, 金宣
25769243,박창진
3001142,任弼星
2185187,金泰经
4195568,李铉升
4902937,刘成烨
5366672,曹镇模
10531178,申渊植
25717826,李勇胜
10594927,疆利官
1456415,郑址宇
3077673,朴贤真
1470328,孔水昌
10535447,洪尚秀
11601820,朴济铉
10833957,金性秀
3319775,李胤基
1303252,张俊焕
6041220,郑勇基
3033092,朴庸集
20445144,安权太
20427090,金济英
1308050,Heung-sun Jeong
1308050,郑多顺
1870801,奉万大
1307289,吴钟禄
1415573,安权太
2978211,全宰洪
1416061,梁允豪
4133251,郑勇基
21937449,张镇
3060325,林泰亨
2229550,金志焕
4323600,李海暎
1307840,李政旭
2274074,李濬益
24878180,丁楚信
24709327,权英乐
2245683,李卷
1388170,柳昇完
1951014,金恩景
10455649,金炫锡
6094945,林顺礼 
6094945, 宋一坤 
6094945, 吴点均 
6094945, 朴兴植
1395455,朴光椿
3992384,洪基善
6126506,郑勇基
4091548,朴建龙
1763628,金基德
1870804,林权泽
4291261,李正浩
2144501,张镇
2077776,金镇雅
11523500,Yi Keun-Woo
2969891,洪尚秀
20399271,南泽秀
4300639,柳勋 
4300639, 权志妍
1757929,李翰
10439245,金知云 
10439245, 任弼星
2244593,孙泰雄
1433557,朴珍杓
1417910,朴宪洙
1304081,朴光椿
5501712,文贤盛
10590762,张建宰
6386983,梁允豪 
6386983, 金奎泰
3072883,李相基
3598221,郑兴顺
1308027,洪尚秀
24879821,权七仁
3212133,Ounie Lecomte
6900093,郑用柱
25733874,崔真星
4861404,金民锡
1877596,崔宗泰
1308504,尹学烈
10833654,PARK Sun-Uk
1433359,金泰经
1295703,金泰均
1306367,金大胜
2286165,李圭满
10777781,赵东五
3789917,洪尚秀
2332153,金成洪
1308808,权宗官
11594900,尹宗灿
1307895,李荣宰
25785892,Ahn Cheol-ho
21937446,黄仁镐
5326543,全宰洪
3176523,洪尚秀
6311983,金泰经
1300021,吴其焕
5382911,权七仁
6900095,申政元
1493920,尹齐均
1303974,张镇
1949128,权昊英
1949129,郑宗勋
25731278,Goo Mo
25775716,吴基焕
3194100,洪志英
1296520,金性洙
1853749,洪尚秀
1418859,丁楚信
1439177,李宇哲
2045564,许仁茂
10480985,闵斗植
3077688,权七仁
6147186,Ko Seok-jin
3269058,朴镇彪
1432013,刘冰鉴
5948656,郑宇哲
20507023,朴重勋
1307959,陈果 (Fruit Chan)
3318479,林云成
1767888,金成浩
1848614,安坂石
2371861,金相辰
3006467,李京美
4099462,行定勋 
4099462, 韦西·沙赞那庭 
4099462, 张俊焕Jun-hwan Jeong
1295889,康佑硕
3026006,金美正
6009994,Duane Adler
6753102,金炅默
10455634,郑胜求
1441499,郭暻泽
1930582,郑勇基
3733938,宋海星
1417309,洪尚秀
19899628,郑智泳
10758223,金荣俊 
10758223, 金泰勋 
10758223, 黄郑贤
1951013,金廷珉
1440852,郑勇基
2056856,金韩民
3598215,金成洪
25940978,申成涉
1306467,李廷香
2125064,尹齐均
4091051,朴燦玉
3130190,金海坤
10777678,金镇英
25733380,李洙成
11506895,吴民浩
4720358,尹宰久
1302745,朴大荣
1986324,赵根植
5250369,金郑勋
1448277,申政元
3077693,柳升进
4925458,赵范九
4910868,洪尚秀
2079683,金相赞 
2079683, 金贤秀
1400211,尹仁灏
1950427,赵东五
4728552,李正哲
4073061,张镇
4721276,张勋 Hyun Jang 
4721276, 闵龙根 
4721276, 李宥琳 Yu-lin Lee
5268693,金秀玹
1308821,金衡泰
3025844,朴正祐
19899655,申秀媛
1419966,金东濒
1451405,李明世
1301091,林常树
3586721,朴大民
10432910,金圣勋
6839133,朴哲洙 
6839133, 金泰植
4901702,Hyeok-jae Kwon
3003830,今井夏木
24858414,中村义洋
20426995,三木孝浩
1978369,郭在容
1292219,岩井俊二
1304970,森田宏幸
4935011,萨布
2065021,三池崇史
25704588,山下敦弘
24845115,大友启史
3168086,陈英雄
10439358,蜷川实花
6558801,大友启史
1306808,清水崇
4822829,深川荣洋
4196129,寒竹百合
1915403,新城毅彦
5968334,佐佐部清
3074408,三池崇史
1421823,大谷健太郎
1307696,中田秀夫
1302642,北野武
7152895,吉田大八
1848925,迈克尔·艾里亚斯
1299062,北野武
1303907,高畑勋
10462705,大友启史
4830911,深川荣洋
1301359,矢口史靖
4074009,土井裕泰
1294433,小津安二郎
3623024,新城毅彦
1389924,蜷川幸雄
1301948,岩井俊二
5996409,山田洋次
1418640,望月智充
1381964,新海诚
1463224,山崎贵
1388175,中岛哲也
1296196,黑泽明
10796594,泷本智行
1422063,野村哲也 
1422063, 野末武志
19961072,西谷弘
4290704,中村义洋
24973419,中岛哲也
4727460,熊泽尚人
4246125,新海诚
1417728,高畑勋
1361254,矢口史靖
2976111,本木克英
3727653,森淳一
1291566,押井守
1477916,汤浅政明
2157507,三谷幸喜
20389706,山田洋次
1307897,大友克洋 
1307897, 森本晃司 
1307897, 冈村天斋
1295815,北野武
4832288,是枝裕和
2361266,园子温
1788940,李相日
1300752,北野武
4903614,大森立嗣
3819939,北野武
4217426,金子文纪
4830236,园子温
21335021,盐田明彦
1292515,黑泽明
21339392,品川祐
1855131,松冈锭司
5346468,神谷诚
1796053,高田雅博
1307306,山田洋次
23398777,丰田利晃
1299112,黑泽明
6123978,园子温
1296703,今村昌平
24736793,古泽健
10756870,山崎贵
22299426,安里麻里
1315570,行定勋
1308554,清水崇
6041817,三木孝浩
19955790,园子温
10537949,三池崇史
6041222,大根仁
4885995,三谷幸喜
6814906,降旗康男
10521712,小泉德宏
3534824,是枝裕和
1302770,大友克洋
5286821,北野武
1293847,黑泽明
5295610,成岛出
24532100,川村泰祐
3718665,松山博昭
1787277,熊泽尚人
1294181,北野武
1328665,星护
1305084,泷田洋二郎
21264315,三池崇史
6974439,平松惠美子
1303917,泷田洋二郎
1295629,三池崇史
6425147,三木孝浩
5967829,山崎贵
20445157,深川荣洋
2361269,塚本连平
3726986,三池崇史
2157504,棚田由纪
3039187,北野武
21354076,福田雄一
1421733,西河克己
1304920,小林正树
4930393,鶴橋康夫
3439340,荒户源次郎
5279593,三岛有纪子
1291863,佐藤纯弥
1395080,土井裕泰
3259956,佐藤東弥
4135443,李相日
4079117,佐藤信介
5975206,原田真人
1304626,三谷幸喜
1419582,源孝志
1900180,土井裕泰
2970087,神谷诚
1310166,侯孝贤
1455849,三池崇史
10864706,福田雄一
2042219,山下敦弘
1308567,森田芳光
10453719,金子文纪
3562662,北川悦吏子
24852462,永井聪
1299711,深作健太 
1299711, 深作欣二
6037517,武内英树
25788112,青山裕企 
25788112, 伊基公袁
1294588,大岛渚
1307265,小津安二郎
10777783,土方政人
2032143,黑泽清
4079119,佐藤信介
5247059,新城毅彦
1303577,沟口健二
1308841,关口现
1307176,行定勋
1807495,本广克行
2263102,三木聪
5332266,园子温
1482316,三谷幸喜
4068816,蜷川幸雄
1291569,林太郎
1298063,小津安二郎
1308685,岩井俊二
1307755,堤幸彦
25816274,天野千寻
1980825,山崎贵
24839101,吴美保
1291576,大友克洋
1419479,成濑巳喜男
25837074,落合正幸
6999258,古泽健
1294827,黑泽明
1507134,堤幸彦
5326561,中田秀夫
1293310,黑泽明
1440164,冈本喜八
1963131,絵津久秋
3794489,于地纮仁
1482505,宫崎吾朗
20390013,新城毅彦
6006335,矢口史靖
3667102,三木孝浩
1422091,成濑巳喜男
1469984,杉井仪三郎
6889533,伊藤匡史
2149804,笕昌也
4139888,谷口正晃
10461726,北川悦吏子
11538048,佐藤信介
21360431,吉田恵辅
3564151,李宰汉
1296834,小津安二郎
3543262,真田敦
1432436,宫崎骏
1887829,大友克洋
6872245,松山博昭
6091398,冲田修一
1460341,黑田昌郎 Yoshio Kuroda
1306885,是枝裕和
2330733,小中和哉
2369618,石井康晴
1299607,竹中直人
10833867,三谷幸喜
4885994,深川荣洋
1303083,小林正树
1915393,大谷健太郎
1366165,寺山修司
1302605,山田洋次
1428291,犬童一心
4265409,中田秀夫
2000741,山田洋次
1294506,中田秀夫
1291861,佐藤纯弥
1305294,山田洋次
1461079,清水崇
2042181,铃木雅之
7058117,山下敦弘
4241887,小泉德宏
1293995,北野武
1298351,北野武
3134345,犬童一心
1865943,渡边步
3105588,桥口亮辅
3626439,吉田大八
2042593,韩相熙
1782964,冈村力
1308010,周防正行
1507140,堤幸彦
6124043,佐藤东弥
1297841,小津安二郎
1937132,三池崇史
1299360,小津安二郎
1788431,樋口真嗣
1306634,降旗康男
24860410,三浦大辅
1294737,木下惠介
5162334,森本晃司
1295812,敕使河原宏
3395437,山田洋次
20284873,田中光敏
3727661,三宅隆太
6535907,西川美和
1482297,犬童一心
1303368,崛川顿幸 (Tonko Horikawa)
20266428,大森立嗣
1303691,大岛渚
1303453,今村昌平
1788402,本广克行
1941880,五社英雄
1908036,犬童一心
1298870,成濑巳喜男
1796255,三木聪
21332449,武内英树
3811356,堤幸彦
1299809,北野武
1294009,伊丹十三
1308379,泷田洋二郎
1870128,神山健治
2357302,猪股隆一
1303624,丰田利晃
1296534,吉姆·贾木许
6101728,荻上直子
2065047,荻上直子
11510612,黑泽清
2367213,石井康晴
2042186,中村义洋
2131640,两泽和幸
1432699,山下敦弘
10752478,广木隆一
5285695,森田芳光
20278502,棚田由纪
5285692,三池崇史
1309079,石井克人
11606343,遊法仁
2976072,平野俊一
10567515,御法川修
4022138,守屋健太郎
1756361,石川宽
25722131,熊坂出
24843206,中田秀夫
4030411,富永麻衣
11534824,三池崇史
11523496,森崎东
4135741,森田芳光
1308543,岩井俊二
1294940,今村昌平
5247058,泷本智行
1401842,小津安二郎
6048738,森义隆
2042193,大九明子
20431537,水田伸生
10540062,降旗康男
10428239,京谷唯志
10796587,富樫森
4934988,三宅喜重
2042230,松尾铃木
1483808,山田洋次
2383207,李斗士男
1303073,熊井启
24702626,耶云哉治
1300193,北野武
1309005,山田洋次
1401843,小津安二郎
1427947,下山天
26285780,窪田将治
1762834,三池崇史
6772974,山口雅俊
1482366,松冈锭司
1789492,小林武史
1308983,荒牧伸志
2286133,伊藤真朱
1307884,鹤田法男
1720137,矢口史靖
1306183,小津安二郎
1432779,敕使河原宏
6424132,成岛出
6791706,中村义洋
2042178,堤幸彦
1294413,是枝裕和
24872861,行定勋
1293107,黑泽明
1389986,井坂聪
1303110,黑泽明
1900161,林彻
1919906,周防正行
1459148,内田贤治
3727658,安里麻里
21263717,白石和弥
1293663,黑泽明
3154754,中村義洋
1417073,北久保弘之
1421884,川尻善昭
3666923,佐藤祐市
1962319,川野浩司
1757374,园子温
1900172,安藤寻
2278795,大林宣彦
2042235,平川雄一朗
1796778,河野圭太
1308657,新藤兼人
1947265,今石洋之
1300738,小林正树
24772957,本木克英
1478789,行定勋
3903715,小池健
24875659,井口奈己
25878911,宮岡太郎
1298947,落合正幸
1918027,小泉德宏
2042226,北野武
1788094,清水崇
1299195,野村芳太郎
1423035,落合正幸
1306255,冲浦启之
1309222,冢本连平
3077700,内田贤治
26101258,和島香太郎
25870716,安里麻里
2123782,荒牧伸志
5915752,窪田崇
1851683,仓内均
6402121,三池崇史
5295974,井口昇
1306522,青山真治
2129170,麻生学
25713386,佐藤佐吉
3448362,中村义洋
21320278,朝原雄三
1796007,塙幸成
1442700,北野武
1420088,汤山邦彦 
1420088, 迈克尔·海格尼
21359391,大根仁
1388176,崔洋一
10756638,青山真治
1316589,李相日
1440347,藤田敏八
1306069,小津安二郎
6795529,清水崇
19949257,堀内博志
1308635,西河克己
24532099,周防正行
5379974,石井克人
1305324,中田秀夫
2359499,佐藤嗣麻子
1773614,盐田明彦
1964728,堤幸彦
2056650,河濑直美
4603531,曾利文彦
1306807,木下惠介
2980431,西村喜广
2153526,菲利普·诺伊斯
3006783,西蒙·韦斯特
1947549,安东尼·福奎阿
1939414,罗伯·明可夫
1441602,于仁泰
4301181,朱浩伟
1293173,Simon West
1418190,马丁·坎贝尔
3104794,罗伯特·斯文克
1293167,扬·德·邦特
1301345,F·加里·格雷
2174535,乔·卡纳汉
1303139,元奎 
1303139, 路易斯·莱特里尔
1308848,乔·德特杜巴
1300069,乔恩·阿米尔
1418189,山姆·雷米
1401535,伦·怀斯曼
6771529,加雷斯·埃文斯
7916027,迪恩·帕里索特
4312428,约翰·摩尔
1419974,路易斯·莱特里尔
1819388,迈克·内威尔
1849959,马克·耐沃尔代 
1849959, 布莱恩·泰勒
1297544,托尼·斯科特
1292697,约翰·麦克蒂尔南
2132412,保罗·安德森
2223596,斯蒂芬·索莫斯
3018122,奥利维尔·米加顿
1293258,约瑟夫·麦克金提·尼彻
1853176,扎克·施奈德
3792816,刘伟强
1937621,泽维尔·吉恩斯
1946882,马克·福斯特
3114109,帕特里克·亚力桑德罗
1294323,特德·科特切夫
4830478,杰夫·瓦德洛
3074503,哈罗德·兹瓦特
10535562,加雷斯·埃文斯
2147836,米歇尔·冈瑞
10743974,安东尼·福奎阿
1293537,沃尔夫冈·彼德森
1304608,多米尼克·塞纳
5028536,奥利维尔·米加顿
1292624,布莱特·拉特纳
1295229,斯蒂芬·索莫斯
3402101,詹姆斯·曼高德
3231740,克里斯托弗·麦奎里
1309116,托尼·斯科特
1299837,约翰·麦克蒂尔南
3569911,伦·怀斯曼
1607471,乔·德特杜巴
1307527,伦·怀斯曼
3262050,扎克·施奈德
3024838,戈尔·维宾斯基
4156402,金知云
1306737,罗伯·科恩
1947080,迈克尔·戴维斯
1300608,元奎
3011574,马克·耐沃尔代 
3011574, Brian Taylor
1300537,雷尼·哈林
4035906,保罗·安德森
1298586,斯蒂芬·索莫斯
1307657,扬·德·邦特
1298120,斯蒂芬·诺林顿
3011459,托尼·斯科特
3736637,袁和平
1304642,布莱特·拉特纳
2010972,尼古拉斯·温丁·雷弗恩
1296717,史蒂文·斯皮尔伯格
1997679,罗伯·科恩
11601131,加里·弗莱德
6875647,泰勒·海克福德
1307043,马楚成
1482077,马克·斯蒂文·约翰逊
1294114,程小东
4146512,大卫·凯普
1294671,刘伟强
1293317,吴宇森
1297003,约瑟夫·麦克金提·尼彻
2264715,D·J·卡卢索
1302753,成龙
1308751,沃尔夫冈·彼德森
1298189,多米尼克·塞纳
1306894,吉尔莫·德尔·托罗
1422920,伦·怀斯曼
1299250,元奎
3014957,肯尼思·布拉纳
3148089,诺姆·穆罗
1440855,西尔维斯特·史泰龙
1309136,斯蒂芬·索莫斯
3041294,保罗·安德森
2131654,路易斯·莱特里尔
3082452,李忠志 
3082452, 吴京
1422106,布莱特·拉特纳
1464563,宋业明
3990098,曼斯·马林德 
3990098, 比约恩·史坦
1296693,袁和平
1299120,成龙
1300361,乔治 P·科斯马图斯
1303773,李·塔玛霍瑞
1482911,拉塞尔·穆卡希
10487568,斯蒂文·奈特
1947091,李仁港
1293471,史蒂文·斯皮尔伯格
1307319,刘家良
3775167,加里·麦肯德莱
3077408,马克·耐沃尔代 
3077408, 布莱恩·泰勒
3179758,布莱恩·莱温特
1308978,大卫·S·高耶
2284851,若泽·帕迪里亚
1305183,凯文·多诺万
1296102,迈克尔·贝
1293174,迈克尔·艾普特
6041199,基努·里维斯
6532822,保罗·安德森
1293867,韦家辉
1309209,李·塔玛霍瑞
4014405,帕特里克·卢西尔
1299247,罗杰·斯波蒂伍德
4301285,丹尼尔·伊斯皮诺萨
3874981,陈木胜
1428055,罗伯特·罗德里格兹 
1428055, 弗兰克·米勒
1292677,马丁·坎贝尔
1428051,史蒂文·斯皮尔伯格
1309042,马丁·坎贝尔
1308713,普拉奇亚·平克尧
1298635,查克·拉塞尔
1308851,吉尔莫·德尔·托罗
1309103,蒂姆·斯托瑞
1297229,安德鲁·戴维斯
1304726,成龙
1300399,彼得·麦克唐纳德
1301434,史蒂文·斯皮尔伯格
1507151,菲利普·G·阿特威尔
1307917,迈克尔·贝
3156117,乔·赖特
1395776,迈克尔·贝
1292867,洪金宝
4326412,提莫·贝克曼贝托夫
3824339,D·J·卡卢索
3808604,保罗·哈吉斯
1295746,李仁港
1299383,爱德华·兹威克
1296203,唐季礼
1305067,黄毅瑜
1483239,Wayne Kramer
3157583,布莱特·拉特纳
3742937,彼得·博格
1310185,陈木胜
4082544,高群书
3836070,彼得·博格
1962508,江道海
1305201,王晶
1295106,王晶
5157137,迈克·麦科伊 
5157137, 斯科特·沃
5151892,西蒙·韦斯特
4824515,乔纳森·里贝斯曼
2038379,彼得·特拉维斯
2997134,约瑟夫·科辛斯基
1297866,汤姆·戴伊
1292843,洪金宝
2132941,帕特里克·塔特普洛斯
1304091,杜琪峰
5327463,鲁伯特·桑德斯
1302242,陈德森
1873750,吉尔莫·德尔·托罗
4134631,邱礼涛
1918224,彭顺 
1918224, 彭发
5151891,鲍兹·亚金
1306610,查克·拉塞尔
1793909,李·塔玛霍瑞
1417555,普拉奇亚·平克尧
3238087,艾略特·莱斯特
3718323,托米·维尔科拉
1296947,唐季礼
1326208,大卫·R·艾里斯
10794042,邱礼涛
4308001,约翰·辛格顿
3205571,艾尔伯特·休斯 
3205571, 艾伦·休斯
1428177,理查德·唐纳
1293225,马丁·坎贝尔
3148013,RZA
1364764,冯德伦
1972698,扎克·施奈德
1294991,罗维
1307868,刘伟强
1295547,洪金宝
3041264,乔纳森·里贝斯曼
1307186,马楚成
3158432,John Luessenhop
1309211,路易斯·莱特里尔
1303693,保罗·亨特
1295344,吴宇森
2974273,托尼·斯科特
1299502,陈嘉上
3170961,巴塔萨·科马库
1308855,杜琪峰
5319819,郑保瑞
3012053,Isaac Florentine
1793904,詹姆斯·曼高德
1307311,马克·斯蒂文·约翰逊
1307678,罗伯特·罗德里格兹
1300265,吴勉勤
4319445,乔·卡纳汉
2160611,罗伯特·罗德里格兹
4323691,郭子健 
4323691, 郑思杰
1297517,钱永强
1308110,陈嘉上
3002820,林超贤
1297970,蒂姆·波顿
1302786,鲍德熹
3725320,Phil Joanou
6875611,大卫·阿耶
1307354,李安
1305686,Jonathan Hensleigh
1293147,吴宇森
1307463,安东尼·福奎阿
2091015,雷德利·斯科特
1308912,蓝乃才
1584750,蒂姆·斯托瑞
1493481,托尼·基格里奥
1299335,克里斯·纳汉
1307384,克拉克·约翰森
2997155,彭顺 
2997155, 彭发
1302705,何平
1297194,董玮
1299048,陈木胜
4301662,詹姆斯·马瑟 
4301662, 斯蒂芬·圣·莱杰
1474185,弗兰克·克拉斯
1309020,安迪·坦纳特
1304854,罗伯特·路克蒂克
1308753,盖瑞·马歇尔
1829654,史蒂夫·班德莱克
1293353,克里斯·哥伦布
1301509,埃米利·阿朵里诺
3880545,保罗·费格
1295253,克里斯·韦兹 
1295253, 保罗·韦兹
2147854,佩顿·里德
1307389,彼得·休伊特
4767216,奥利弗·帕克
1295242,罗伯·明可夫
1308776,皮特·休伊特
10745405,罗森·马歇尔·瑟伯
3602084,马克·沃特斯
2054026,盖瑞·温尼克
2999913,格雷格·莫托拉
1293135,斯蒂芬·赫瑞克
4004715,赛斯·戈登
4215790,格伦·费卡拉 
4215790, 约翰·里夸
2003389,弗兰克·奥兹
7051900,托德·菲利普斯
2303163,汤姆·麦格拉思
4196227,丹尼斯·杜根
5250583,陈庆嘉 
5250583, 秦小珍
3071469,托德·菲利普斯
1294490,加美·尤伊斯
3011102,安妮·弗莱彻
4062922,曾志伟 
4062922, 叶念琛 
4062922, 钟澍佳
1815638,斯蒂夫·平克
1294829,杰伊·罗奇
3102668,菲尔·罗德 
3102668, 克里斯托弗·米勒
3104798,塞斯·罗根 
3104798, 埃文·戈德堡
1466897,安迪·菲克曼
3804746,黄百鸣 
3804746, 邱礼涛
1295318,汤姆·沙迪亚克
2998253,戈尔·维宾斯基
3897667,李巨源
6128003,伍迪·艾伦
1294262,吉拉尔·皮雷
1295340,拉加·高斯内尔
2028585,克里斯·米勒
1309084,马克·沃特斯
1307955,马克·沃特斯
1509868,唐纳德·佩特瑞
3026572,埃德加·赖特
2338058,P·J·霍根
3259993,鲁本·弗雷斯彻
4078562,李蔚然
1309120,基伦·埃弗瑞·韦恩斯
2279772,刘仪伟 
2279772, 张坚庭 
2279772, 孙周 
2279772, 林锦和
1760104,Tim Hill
4312232,陈庆嘉 
4312232, 秦小珍
1994876,埃里克·达尼尔 
1994876, 汤姆·麦格拉思
2214140,张坚庭
1870044,拉里·查尔斯
1305068,詹姆斯·B·罗杰斯
1299981,基伦·埃弗瑞·韦恩斯
1851906,大卫·斯沃曼
10788846,阮世生
3072889,菲尔·罗德 
3072889, 克里斯托弗·米勒
1292973,Peter Lord 
1292973, 尼克·帕克
4728471,谷德昭
2054024,菲利达·劳埃德
1972701,彼得·西格尔
3244162,谷德昭
3003137,Tom Kuntz 
3003137, Mike Maguire
1460996,李力持
3927750,大卫·道金
4132407,罗伯·明可夫
5318665,钟澍佳 
5318665, 曾志伟
4707596,王晶
1309047,肖恩·利维
1296454,彼得·法拉利 
1296454, 鲍比·法拉利
1416728,高志森
10482125,约瑟夫·高登-莱维特
1302271,热拉尔·克瓦兹克
3927734,菲尔·罗德 
3927734, 克里斯托弗·米勒
1308620,理查德·林克莱特
3268216,马俪文
3250377,刘江
3392569,罗杰·米歇尔
1299952,帕特里克·里德·约翰逊
3003836,Thor Freudenthal
3154909,Robert Luketic
1294948,梅尔·史密斯
2159331,拉加·高斯内尔
4100696,王晶
4826330,威尔·古勒
5320600,约翰·麦登
1307181,查尔斯·赫曼-温菲尔德
2988103,丹尼·伯恩
1867332,汤姆·沙迪亚克
1464338,韦家辉
1765009,肯尼·奥特加
1308429,杰西·迪伦
1419416,韦家辉
1428878,约翰·拉塞特 
1428878, 乔·兰福特
2251924,尼克·摩尔
1892510,莎里·斯宾厄·伯曼 
1892510, 罗伯特·帕西尼
3652302,伊万·雷特曼
11499033,S.S. Rajamouli 
11499033, J.V.V. Sathyanarayana
3263820,乔纳森·莱文
6788265,尚敬
1291582,安德鲁·亚当森 
1291582, 凯利·阿斯博瑞 
1291582, 康拉德·弗农
1937257,让-巴普蒂斯特·安德烈
1305713,谷德昭
1306319,陈庆嘉 
1306319, 梁柏坚
1308927,朱延平
1929497,尼克·赫伦
1308987,杰伊·罗奇
1304038,汤米·奥·哈沃
3607666,阿甘
10546666,菲尔·罗德 
10546666, 克里斯托弗·米勒
1307849,陈嘉上
1940867,阿甘
3213173,威尔·古勒
1308991,亚当·山克曼
1950198,贾德·阿帕图
6768838,博卡·格德斯维特
2368641,盖瑞·马歇尔
2132120,安妮·弗莱彻
1292829,汤姆·沙迪亚克
1400668,陈友
4301278,约瑟夫·麦克金提·尼彻
3264229,罗伯特·斯文克
1304282,杜琪峰 
1304282, 韦家辉
1295078,南希·迈耶斯
1292264,伊桑·科恩 
1292264, 乔尔·科恩
1307747,李力持
1308819,比班·基德龙
3563200,丹尼斯·杜根
5967821,塔西姆·辛
1949320,丹尼斯·杜根
4735944,钟澍佳
1929443,热拉尔·克瓦兹克
3036464,Anand Tucker
2355582,让-皮埃尔·热内
2256034,霍伊特·耶特曼
2227293,蒂姆·波顿
2139553,蒂姆·希尔
1994879,本·斯蒂勒
1308156,热拉尔·克瓦兹克
1292440,查尔斯·克瑞奇顿
4903613,班庄·比辛达拿刚
3213233,杰克·卡斯丹
20515071,麦咏麟
1294950,迈克·内威尔
1308772,弗兰克·克拉斯
4180445,艾利·克雷格
1422909,迪恩·帕里索特
3036478,约翰·拉塞特 
3036478, 布拉德·刘易斯
1308232,马伟豪
1306057,李修贤
1309086,盖瑞·温尼克
1301173,唐纳德·佩特瑞
2158222,埃德加·赖特
2130163,丹尼斯·杜根
2297275,大卫·弗兰科尔
1299550,李力持
2133293,Brett Ratner
1305158,乔治·西德尼
1293825,盖瑞·马歇尔
6875277,尼古拉斯·斯托勒
1309203,肯·卡皮斯
1305071,劳伦斯·哥特曼
1305804,汤姆·布拉迪
10463991,帕斯卡尔·舒梅
21765841,连奕琦
2132187,乔·努斯鲍姆
6957293,杰森·摩尔
23856234,邵晓黎
6845529,伊力·维伊德雷克
1468154,赵良骏
1293899,鲍比·法拉利 
1293899, 彼得·法拉利
4707209,鄢颇 
4707209, 肖蔚鸿
1292574,比利·怀德
1301865,柯受良
3558661,田蒙
1890157,阿莱克·凯西西恩
1824414,马克·海尔弗里奇
2072478,迈克·米歇尔
3078384,乔纳森·林恩
1997681,冯巩
1428054,大卫·扎克
1968438,韦斯·安德森
1428877,柯克·琼斯
6873331,陈庆嘉 
6873331, 秦小珍
24530943,尼克·卡索维茨
1295965,P·J·霍根
2059310,格雷格·莫托拉
5366708,王菁
20472857,谷德昭
1300678,杨亚洲
1308207,基伦·埃弗瑞·韦恩斯
1419581,尔冬升
1306031,韦斯·安德森
2054933,伊桑·科恩 
2054933, 乔尔·科恩
2998439,格里格·伯兰蒂
1306802,罗伯·明可夫
1294165,鲍比·法拉利 
1294165, 彼得·法拉利
1419935,贾德·阿帕图
3183490,肖恩·利维
1300246,阮世生
2046839,嘉瑞斯·贾里维克
1292269,乔治·罗伊·希尔
1433673,克里斯·米勒 
1433673, 许诚毅
10774066,保罗·费格
1307371,高志森
1451911,伍迪·艾伦
24325798,弗兰克·克拉斯
1306733,左颂升
1295490,戈尔·维宾斯基
1300044,乔尔·科恩 
1300044, 伊桑·科恩
3078753,保罗·韦兹
3071624,Mark Mylod
1937400,乔·努斯鲍姆
1479377,Niall Johnson
7065417,科迪·卡梅伦 
7065417, 克里斯·皮尔恩
1301861,大卫·扎克
4832564,大卫·博维斯
1298320,凯文·史密斯
1306334,谷德昭
1783462,马克·福斯特
3071517,伊丽莎白·艾伦
1303418,恩斯特·刘别谦
3628370,吕克·贝松
1308520,陈庆嘉 
1308520, 梁柏坚
1294917,特瑞·吉列姆 
1294917, 特瑞·琼斯
1293555,诺拉·艾芙隆
3071471,斯蒂夫·平克
1299035,梁柏坚 
1299035, 陈庆嘉
1293718,巴里·索南菲尔德
3008712,彼德·切尔瑟姆
3006424,吉姆·费尔德·史密斯
3892449,王岳伦
1580620,伊丽莎白·艾伦
1300659,乔·皮特卡
1298817,查理·卓别林
4173583,李力持
1302355,乔·庄斯顿
3001472,顾伦德·查达哈
2132430,罗伯特·B·维德
6383498,史蒂文·索德伯格
25140779,艾赫尼奥·德伯兹
1855834,克雷格·吉勒斯佩
1937401,马克·劳伦斯
6053679,克里斯·巴特勒 
6053679, 山姆·菲尔
3269018,安娜·波顿 
3269018, 瑞安·弗雷克
4051608,乌尔善
1421278,伍思薇
3737283,庄宇新
1292212,布拉德·塞伯宁
1309043,彼得·杰克逊
3289086,大卫·斯雷德
1440703,吉尔·约格尔
3078517,莱塞·霍尔斯道姆
3346464,盖瑞·温尼克
1474180,亚利桑德罗·阿奎斯提
5360033,萨拉萨瓦蒂·翁索姆佩奇
2974278,德里克·斯安弗朗斯
1301890,莱塞·霍尔斯道姆
3566266,朱安·索兰纳
3289081,比尔·康顿
1945549,西恩·埃利斯
1293124,弗朗西斯·福特·科波拉
1304641,巴兹·鲁赫曼
1300945,阿方索·阿雷奥
2033822,瑞恩·墨菲
1293377,亚历山大·雅丁
1300220,约翰·麦登
2334814,法提赫·阿金 
2334814, 伊万·阿达勒 
2334814, Randall Balsmeyer 
2334814, 艾伦·休斯 
2334814, 岩井俊二 
2334814, 姜文 
2334814, 谢加·凯普尔 
2334814, Joshua Marston 
2334814, 米拉·奈尔 
2334814, 娜塔莉·波特曼 
2334814, 布莱特·拉特纳
3732499,Haeman Chatemee
4889554,比尔·康顿
1305541,彼德·切尔瑟姆
3804470,黄真真
1304485,詹姆斯·曼高德
1299362,米克·杰克逊
2082013,迈克尔·帕特里克·金
1291840,西德尼·波拉克
4022090,Adisorn Trisirikasem
6110546,乔·赖特
1867335,马修·沃恩
1292234,让-皮埃尔·热内
3745292,阿牛
1306154,巴兹·鲁赫曼
3626365,Allen Coulter
3321409,马克·罗曼尼克
1971111,凯文·利玛
3230165,梅西·塔吉丁
1922152,亚当·布鲁克斯
5977478,乔纳森·戴顿 
5977478, 维莱莉·法瑞斯
1419933,卡梅伦·克罗
1947144,斯科特·希克斯
1914652,马克·帕兰斯基
1309192,奈吉·柯尔
6738760,黄真真
1291859,菲利普·考夫曼
3073073,凯瑞·福永
1299769,马丁·布莱斯
2361823,格伦·费卡拉 
2361823, 约翰·里夸
1304942,瓦里丝·侯赛因
1951318,马楚成
6062731,徐静蕾
1309059,罗伯·马歇尔
1292780,吉诺特·兹瓦克
5294324,叶念琛
2072848,简·坎皮恩
3262939,刘伟强
1293926,詹姆斯·伊沃里
1302303,迈克尔·克里斯托弗
1301465,马丁·斯科塞斯
3059036,Max Mayer
5036969,迈克尔·苏克西
1291558,米开朗基罗·安东尼奥尼 
1291558, 维姆·文德斯
6514105,马楚成
4711195,陈奕利
5377640,德雷克·多雷穆斯
1329962,尔冬升
1829230,安妮·弗莱彻
1303001,尼基塔·米哈尔科夫
1297965,乔治·库克
1292049,克日什托夫·基耶斯洛夫斯基
2010975,巴兹·鲁赫曼
1307052,奥黛丽·威尔斯
3017655,巴特·弗伦德里希
3015835,叶念琛
1298346,马楚成
1310159,徐克
4117302,麦当娜
3305873,李鼎
2002743,迈克·内威尔
2043465,叶念琛
1296359,吉尔·约格尔
1305466,张一白
1308764,Mark Rosman
1308838,杜琪峰
1304826,于仁泰
1293158,卡梅伦·克罗
1291559,莱奥·卡拉克斯
2338019,乔纳·马科维茨
4043763,曾国祥 
4043763, 尹志文
1296992,斯坦利·库布里克
1295684,弗兰克·卡普拉
3569943,乔治·诺非
1308748,马伟豪
1301886,布莱特·拉特纳
3147941,Michael Patrick King
1396313,下山天 
1396313, 易智言 
1396313, 张一白
2368587,罗伯特·路克蒂克
3148068,Xavier Villaverde
3284396,纳内特·波斯特恩
3443074,查恩·厄尔马克
1307363,唐纳德·佩特瑞
1306130,张扬
1307906,杜琪峰 
1307906, 韦家辉
3012257,叶念琛
1301582,罗曼·波兰斯基
10456963,叶念琛
4271832,黄真真
20441632,丹尼尔·里贝罗
1297233,阿格涅丝卡·霍兰
1297710,陈木胜
24470523,伍迪·艾伦
1467044,尼尔·博格
1295899,乔·德特杜巴
10562987,克里斯多夫·甘斯
1299374,杜琪峰 
1299374, 韦家辉
1779632,皮埃尔·沙尔瓦多利
3173556,费德瑞克·莫恰
1293456,詹姆斯·伊沃里
1302235,恩斯特·马利斯卡
1305735,王颖
1299922,盖瑞·马歇尔
2052978,赵天宇
3645150,鲁巴·纳达
4844903,加文·维森
2968813,托马斯·阿尔弗莱德森
1292577,伯纳德·罗斯
1293799,托尼·斯科特
3149087,庄宇新
1929461,克劳德·贝里
1293596,迈克·菲吉斯
10733558,萨拉萨瓦蒂·翁索姆佩奇
4023725,黄朝亮
19963896,花明
20378794,林孝谦
1306213,亚当·山克曼
1473297,欧·帕克
1310174,张艾嘉
1300082,程小东
1309080,保罗·麦奎根
1307781,叶伟信
1308288,张元
4237863,高群书
1297643,威廉姆·尼克尔森
3834175,江玉仪 
3834175, 钟炜钊
1316506,霍建起
1292338,弗朗索瓦·特吕弗
3008256,马克·斯蒂文·约翰逊
5446226,龙毅
10453730,徐正超
1305182,冯小宁
3815920,蒋钦民
3025666,艾伦·保尔
1302795,侯咏
1297311,文森特·加洛
20471876,马志宇
1470346,莱塞·霍尔斯道姆
1472510,汉斯·卡诺萨
1433232,余伟国 
1433232, 李公乐
1291873,阿德里安·莱恩
3914500,凯瑟琳·哈德威克
1302673,罗文
1297598,胡里奥·密谭
1300528,金伯莉·皮尔斯
2081098,程孝泽
3586471,翁乙
6024430,安德鲁·海格
5977838,杜琪峰
3070319,南希·迈耶斯
1294768,阿瑟·希勒
1302050,阿伦·雷乃
1297644,恩斯特·马利斯卡
1300802,帕特里斯·夏侯
6714088,李旗
1293120,罗恩·克莱蒙兹 
1293120, 约翰·马斯克
1863955,贾斯汀·查德维克
1291553,陈英雄
20278505,迈克尔·斯派瑞 
20278505, 彼得·斯派瑞
2354729,亚历克斯·普罗亚斯
1293702,史蒂文·斯皮尔伯格
1295384,保罗·范霍文
1293792,詹姆斯·卡梅隆
6828823,M·奈特·沙马兰
1292332,亚历克斯·普罗亚斯
1985677,安德鲁·斯坦顿
1764796,申·阿克
1304643,乔·庄斯顿
3606973,布拉德·佩顿
1297785,乔治·卢卡斯
1299092,罗伯特·泽米吉斯
2364054,马丁·坎贝尔
1294037,凯文·雷诺兹
1309044,史蒂文·斯皮尔伯格
3103186,季莫·沃伦索拉
1297151,理查德·马昆德
1299153,让-皮埃尔·热内
2301701,文森佐·纳塔利
1292769,迈克尔·贝
1295292,罗兰·艾默里奇
1297929,大卫·芬奇
1478064,阿方索·卡隆
2037833,埃里克·布雷维格
2144242,马特·里夫斯
1418191,布莱恩·辛格
1296666,罗伯特·泽米吉斯
1789283,托尼·斯科特
3011617,克里斯蒂安·阿瓦特
1949328,道格·里曼
6053731,乔什·特兰克
1308769,保罗·安德森
1293470,保罗·范霍文
1305306,安德列·塞库拉
1304338,蒂姆·波顿
5503303,J·J·艾布拉姆斯
2993217,乔纳森·莫斯托
1308715,吴宇森
1578509,约翰·R·莱昂耐迪
2225321,斯科特·德瑞克森
1305566,科特·维莫
4919019,科林·施特劳斯 
4919019, 格雷格·施特劳斯
1316693,厄尼·巴巴拉什
1292347,钟彼得 
1292347, Andy Jones 
1292347, 川尻善昭 
1292347, 小池健 
1292347, 前田真宏 
1292347, 森本晃司 
1292347, 渡边信一郎
3749974,乔纳森·格雷泽
1309068,乔斯·韦登
1294893,罗杰·斯波蒂伍德
3077413,塞斯·格罗斯曼
1297715,蒂姆·波顿
3387483,彼得·特拉维斯
1306662,理查德·凯利
1293171,塔西姆·辛
1294791,保罗·范霍文
1299560,詹姆斯·卡梅隆
1946776,保罗·麦奎根
3652297,大卫·杜西
2336783,蒂姆·波顿
1296697,富兰克林·沙夫纳
1296459,大卫·杜西
2265778,Miguel Sapochnik
1293073,大卫·柯南伯格
1295870,保罗·范霍文
1309200,罗伯·科恩
1972732,迈克尔·斯派瑞 
1972732, 彼得·斯派瑞
1293515,斯蒂芬·索莫斯
1293131,咪咪·莱德
1298107,弗里茨·朗
1303447,布莱恩·德·帕尔玛
1578502,科林·施特劳斯 
1578502, 格雷格·施特劳斯
3990500,刘镇伟
1300092,乔恩·阿米尔
1308859,大卫·杜西
1306421,丹尼·博伊尔
5160385,迈克·卡希尔
1306609,西蒙·威尔斯
3699737,尼莫洛德·安塔尔
1298976,约翰·麦克蒂尔南
1849371,丹尼·博伊尔
3262091,S·尚卡尔
1306983,刘伟强
4086853,拉斯·冯·提尔
2210143,乔恩·费儒
2129042,吉尔·克兰
1917074,大卫·博维斯
4058964,安德鲁·尼科尔
2301706,马克·耐沃尔代 
2301706, 布莱恩·泰勒
6857606,塞巴斯特·柯代洛
1293823,特瑞·吉列姆
1296794,约翰·卡朋特
3680627,斯图尔特·贝亚蒂耶
1294519,乔·舒马赫
1294353,保罗·安德森
3097525,Matthijs van Heijningen Jr.
1440283,翁路明 
1440283, 宋崇
1294366,约翰·班德汉姆
1298041,保罗·安德森
2028661,Scott Charles Stewart
1298328,M·奈特·沙马兰
10453723,詹姆斯·德莫纳克
1298405,史蒂文·斯皮尔伯格
1300089,罗伯特·怀斯
1302209,罗兰·艾默里奇
1303910,斯蒂芬·诺林顿
1299213,大卫·柯南伯格
1370276,乔恩·费儒
3041261,奥拉顿德·奥逊山米
1482051,奥利弗·西斯贝格 
1482051, 詹姆斯·麦克特格
4846693,泽维尔·吉恩斯
6875402,杰克·施莱尔
1293442,罗杰·唐纳森
1474203,科特·维莫
1297611,伊万·雷特曼
1293572,彼得·海姆斯
10536969,尼尔·帕尼瑞
3006123,Edward Neumeier
1293863,布拉德·伯德
1293778,肯尼思·布拉纳
1291989,阿内·拉鲁
1300916,理查德·唐纳
1306795,安德鲁·尼科尔
1309065,卡瑞恩·库萨马
2028650,罗伯·莱特曼 
2028650, 康拉德·弗农
1293316,尼古拉斯·梅耶
2301242,那奇欧·维加隆多
1308754,克里·孔兰
1300977,安德烈·塔科夫斯基
2133368,迈克尔·塞洛蒙
3148956,Ivan Engler
1295783,达伦·阿伦诺夫斯基
2028640,尼尔·马歇尔
1303164,Chris Roache
2073674,M·奈特·沙马兰
3401684,Chris Gorak
1436680,Andrzej Bartkowiak
1779689,Claudio Fäh
6432898,阿里·福尔曼
11610450,特瑞·吉列姆
25701866,威廉·尤班克
1295656,安德烈·塔科夫斯基
1302718,斯蒂芬·霍普金斯
1293433,巴瑞·莱文森
3882445,乔·考尼什
1938923,崔小芹 
1938923, 孟卫兵
1298574,厄文·克什纳
7162552,荒牧伸志(Shinji Aramaki)
1422938,Phil Tippett
1300549,维克多·萨尔瓦
1293482,史蒂文·利斯伯吉尔
2996642,安迪·菲克曼
1417084,理查德·林克莱特
1304602,坂口博信 
1304602, Moto Sakakibara
1293325,伦纳德·尼莫伊
1306450,马克·卡罗 
1306450, 让-皮埃尔·热内
3871833,加里斯·爱德华斯
1309179,弗兰克·奥兹
2049689,霍华德·麦凯恩
1741924,Tom Holland
1301849,迈克尔·莱德福
1962112,Aristomenis Tsirbas
1296702,斯图尔特·贝尔德
1293330,罗伯·鲍曼
1299209,乔治·卢卡斯
1793915,马修·卡索维茨
1294015,伦纳德·尼莫伊
1296628,Danny Cannon
1293364,巴里·索南菲尔德
1299888,乔纳森·弗雷克斯
3231823,凯克·麦罗
4301043,史蒂文·索德伯格
1300371,弗莱德·戴克尔
24718965,杰伊·欧力瓦
2035642,曾利文彦
5365963,冈扎罗·洛佩兹-加勒果
1293656,迪恩·帕里索特
2042279,Jorge Blanco
2982853,Dave Filoni
11599239,斯科特·查尔斯·斯图瓦特
3024983,Tarik Saleh
1305970,尼古拉斯·梅耶
2298926,克里斯·卡特
1305394,加里·特洛斯达勒 
1305394, 柯克·维斯
1528848,冯小宁
1302570,威廉·夏特纳
4297254,Dmitriy Kiselev 
4297254, Aleksandr Voytinskiy
1960313,西蒙·亨特
1292680,雷尼·哈林
1306004,理查德·唐纳
1300250,Rand Ravich
1863770,Stephen J. Anderson
21354138,约翰·赫德斯
1304798,罗伯·鲍曼
1422913,迈克·米歇尔
1316524,让-吕克·戈达尔
1293904,David Carson
1308993,约翰·梅布里
20276953,Caradog W. James
1295383,乔纳森·弗雷克斯
4144683,Graeme Harper
1301419,沃尔夫冈·彼德森
1790198,Geoff Murphy
3195759,J.T 泰普诺巴
1304496,Antony Hoffman
25823531,布莱恩·A·米勒
3007297,John Schultz
1305463,劳伦斯·卡斯丹
1294276,吉尔莫·德尔·托罗
1298753,凯文·科斯特纳
6875412,科林·特雷沃罗
1308247,罗伯特·罗德里格兹
3078403,Mark A. Lewis
1296140,罗伯特·怀斯
1293878,理查德·唐纳 
1293878, 理查德·莱斯特
1298688,押井守
3008263,布拉德·塞伯宁
1307669,文森佐·纳塔利
1422934,Brad Turner
1297650,Marco Brambilla
1308585,罗伯特·罗德里格兹
1308835,Enki Bilal
1304209,加里·弗莱德
1294209,Kenneth Johnson
3878247,山崎貴
1915381,Don Taylor
3148966,杰夫·兰弗洛
1465415,詹姆斯·古恩
1438337,达伦·阿伦诺夫斯基
1302344,罗伯特·罗德里格兹
1298593,梅里安·C·库珀 
1298593, 欧尼斯特·B· 舍德萨克
3262111,Chuck Patton
3011105,Alex Rivera
2299238,菲利克斯·因瑞奎兹·阿卡拉
1296610,兰德尔·克莱泽
1296929,詹姆士·威尔
1307716,史蒂文·索德伯格
2228823,Nick Lyon
1482075,伊万·雷特曼
1523682,罗德·哈迪
1294934,泰德·珀斯特
1295834,约翰·卡朋特
1293932,凯瑟琳·毕格罗
1983125,罗伯特·沙耶
6937813,什恩·卡鲁斯
1293092,大卫·林奇
2988846,陈洪民
2359497,堤幸彦
1298339,斯蒂芬·霍普金斯
1298717,罗兰·艾默里奇
1401312,Shane Carruth
1915385,J·李·汤普森
3446003,Jamin Winans
3072156,Chris Fisher
3554781,Antoine Charreyron
6428516,保罗·萨纳耶夫
22049595,浜崎博嗣
1929441,布莱恩·罗宾斯
1297489,斯图尔特·罗菲尔
1298602,埃洛瑞·埃卡伊姆
1304436,库特·纽曼
1294732,罗伯特·罗德里格兹
1950233,Dwayne Carey-Hill
1301899,亚历杭德罗·阿梅纳瓦尔
1292519,弗雷德·威尔科克斯
1293443,尼古拉斯·罗伊格
3230023,阿吉瓦·沙弗尔
19976260,大卫·帕斯特尔 
19976260, 亚历克斯·帕斯特尔
5325336,卢埃里·罗宾森
1292505,大卫·杜西
5952590,Mike Disa
1302799,泰迪·罗宾
1915382,J·李·汤普森
1293760,伊万·雷特曼
1926517,迈克·乔吉
3988857,Sam Liu 
3988857, 劳伦·蒙哥马利
4058963,罗伯特·罗德里格兹
24913189,戴夫·格林
1296720,Chris Walas
1293679,Brett Leonard
3894510,荒牧伸志 
3894510, Frank O'Connor 
3894510, 押井守 
3894510, 二村秀树 
3894510, 真下耕一
1811755,Peter Hewitt
3091271,费奥多尔·邦达尔丘克
1294801,约翰·卡朋特
1293885,弗朗索瓦·特吕弗
25760447,杰伊·欧力瓦
1292453,乔治·米勒
1305672,克里斯丁·杜瓦
1304998,吉诺特·兹瓦克
22519250,查理·麦克道威尔
1436711,巴兹·库里克
1306723,理查德·莱斯特
3594463,劳伦·蒙哥马利
2042273,Martin Wood
1298111,Robert Longo
1295915,理查德·弗莱彻
1295670,乔治·米勒
1292567,罗杰·瓦迪姆
4717612,安布哈雅·辛哈
3193979,Justin Jones
1307266,彼得·海姆斯
1297907,迈克尔·克莱顿
1295432,兰德尔·克莱泽
2364973,克雷格·麦辛
5967755,Chris Berkeley 
5967755, Lauren Montgomery 
5967755, Jay Oliva
1302012,詹姆士·威尔
1421879,秋山贵彦
2259312,陈兴中
1309064,雷尼·哈林
1309160,布拉德·安德森
1291869,保罗·范霍文
1432180,马克·福斯特
1927369,朗·霍华德
3150816,斯图尔特·哈泽尔丁
3120852,罗曼·波兰斯基
4190211,弗洛里安·亨克尔·冯·多纳斯马
1308995,约翰·波尔森
4896894,朴赞郁
1294621,菲利普·诺伊斯
3614963,佐米·希尔拉
1307748,克林特·伊斯特伍德
1295872,阿尔弗雷德·希区柯克
1297294,阿尔弗雷德·希区柯克
3217894,涅尔斯·阿登·欧普勒夫
2122766,胡安·安东尼奥·巴亚纳
1302100,约翰·吉勒明
1293824,阿尔弗雷德·希区柯克
1309171,大卫·凯普
6738735,周显扬
1292699,西德尼·吕美特
1892848,西蒙·布兰德
1422950,Jeff Wadlow
1939173,格里高利·霍布里特
1299054,卡梅伦·克罗
1578669,布莱恩·德·帕尔玛
3268171,John Erick Dowdle
1294789,罗曼·波兰斯基
1299292,弗朗索瓦·欧容
1301231,阿尔弗雷德·希区柯克
10562986,丹尼斯·维伦纽瓦
1293973,阿尔弗雷德·希区柯克
1307210,克里斯托弗·诺兰
1419934,罗伯特·斯文克
1950192,阿莱克斯·德拉·伊格莱希亚
1305248,艾尔伯特·休斯 
1305248, 艾伦·休斯
1293889,罗曼·波兰斯基
10555085,罗温·乔夫
4118060,彭顺
2275370,格雷格·乔丹
1305858,Anthony Waller
2133422,罗德里格·加西亚
4724373,史蒂文·奎里
5954505,张番番
2263112,彭顺
3094580,路易斯·佩德拉希塔 
3094580, 罗德里格·索佩纳
3731626,豪梅·巴拿盖鲁
1297659,让-保尔·萨罗米
3914547,詹姆斯·麦克特格
4179012,菲利普·马丁
1303459,大卫·林奇
1861411,张一白
3006781,彼得·海姆斯
1754927,乔恩·阿维奈
1741703,Joby Harold
3011380,大卫·杜西
6793319,邱处机
1297145,马克·佩灵顿
1905777,本·阿弗莱克
25715087,张承
1310175,阿尔弗雷德·希区柯克
1296153,乔·舒马赫
1301230,阿尔弗雷德·希区柯克
1946877,D·J·卡卢索
1777570,詹姆斯·弗雷
1419856,费尔南多·梅里尔斯
1309145,D·J·卡卢索
1578643,乔·舒马赫
1306860,罗伯特·奥特曼
1295451,卡罗尔·里德
1292230,奥利佛·斯通
4821015,非行
1887455,肯尼思·布拉纳
1298412,阿尔弗雷德·希区柯克
1301328,马修·卡索维茨
1418270,迈克尔·卡顿-琼斯
2127788,Charles Guard 
2127788, Thomas Guard
10617168,彭顺
4894075,张番番
1296078,蒂姆·波顿
2464346,迈克尔·哈内克
1466007,克里斯多夫·甘斯
4074744,罗兰·艾默里奇
1433183,罗兰·苏素·里希特
2028840,艾瑞克·范·洛依
1986567,Agnieszka Wojtowicz-Vosloo
1401966,Steven R. Monroe
3531406,安诺·绍尔
4111335,Kongkiat Khomsiri
2213119,玛丽娜·德·范
1298505,阿尔弗雷德·希区柯克
6984070,黎妙雪
3346995,格雷格·马克斯
1300266,盖伊·汉弥尔顿
1300275,斯坦利·库布里克
1292552,约翰·麦克诺顿
1905786,凯文·麦克唐纳
1309153,M·奈特·沙马兰
23416554,布拉德·安德森
3818565,吉姆·谢里丹
25849599,汪涛
3193964,托马斯·简
3731463,周显扬
3279054,斯派克·李
2042617,楚克‧萨克瑞科
6431054,埃托尔·达利亚
4023433,Chris Shadley
1301711,M·奈特·沙马兰
2974280,Andrew Jarecki
1303545,罗伯特·摩尔
1291823,西德尼·波拉克
1920907,Mennan Yapo
1298043,乔尔·科恩 
1298043, 伊桑·科恩
1293213,亨利-乔治·克鲁佐
1917086,吉约姆·卡内
2117898,迈克尔·巴塞特
10466341,Jack Heller
4146762,Norbert Caoili 
4146762, Rob Portmann
1421807,亚历杭德罗·阿梅纳瓦尔
5258036,尼克·墨菲
2032459,陈凯歌
10508879,邱礼涛
1949321,布鲁斯·A·埃文斯
1437128,盖·里奇
1299967,布莱恩·德·帕尔玛
1301630,韦斯·克雷文
1295187,斯坦利·多南
1294979,约瑟夫·L·曼凯维奇
1305046,陈国富
1905790,托尼·吉尔罗伊
1296252,西蒙·韦斯特
1428108,尼尔·拉布特
1293046,泰勒·海克福德
2255841,豪梅·巴拿盖鲁 
2255841, 柏高·普拉扎
1427034,安迪·威尔逊
1863384,Tom Shankland
1916995,Marcel Langenegger
1297874,约翰·休斯顿
2988506,曼斯·马林德 
2988506, 比约恩·史坦
1292760,阿尔弗雷德·希区柯克
6060652,罗德里格·科特兹
1292588,雷内·克莱尔
1296535,史蒂芬·贝克
1301601,罗曼·波兰斯基
5351755,Pascal Laugier
1307427,弗朗索瓦·欧容
1306512,斯科特·希克斯
3011550,Oren Peli
3218765,丹尼尔·阿尔弗雷森
3418187,阿托姆·伊戈扬
1296908,弗朗西斯·福特·科波拉
1299539,彼得·威尔
1295809,阿德里安·莱恩
4903581,彭发
1438066,迈克尔·哈内克
1294634,让-雅克·阿诺
1308704,Brad Anderson
1438734,大卫·林奇
1944900,乔纳斯·阿克伦德
1293817,阿尔弗雷德·希区柯克
10744976,文森佐·纳塔利
1298493,艾伦·J·帕库拉
1422306,让-巴普蒂斯特·安德烈 Jean-Baptiste Andrea 
1422306, 法布里斯·坎内帕
4099242,Matthew Parkhill
2124507,乔恩·阿维奈
2075345,布拉德·安德森
1301164,约翰·麦克蒂尔南
1299795,吉勒斯·米莫尼
1306915,卡尔·弗兰克林
3789921,布拉德·安德森
1297991,罗伯特·马利根
1295622,阿尔弗雷德·希区柯克
1293177,奥托·普雷明格
6082346,斯蒂芬·索莫斯
1878616,朱塞佩·托纳多雷
2054932,约翰·帕特里克·尚利
1296845,乔治·库克
1296432,乔治·斯鲁依泽
1298354,布莱恩·德·帕尔玛
7046937,布莱恩·德·帕尔玛
1295328,亨利-乔治·克鲁佐
1295568,阿尔弗雷德·希区柯克
2024935,多米尼克·塞纳
21941106,解航
2061185,斯坦尼斯拉夫·戈沃鲁辛
1302762,马修·卡索维茨
2057552,克里斯蒂安·阿瓦特
1440685,Craig Rosenberg
4914627,张琦
1532365,莱恩·约翰逊
1294665,埃里克·斯柯比约格
1299027,布莱恩·德·帕尔玛
5150245,杰夫·尼克尔斯
1309118,乔纳森·戴米
1298442,阿尔弗雷德·希区柯克
1438302,阿托姆·伊戈扬
2210130,David Ondaatje
1310176,米开朗基罗·安东尼奥尼
1858064,Gregory J. Read
1437109,尼尔·马歇尔
1292779,Jim Gillespie
11623346,陈翊恒 
11623346, 胡学林 
11623346, 刘健平 
11623346, 许树宁
2049989,乔尔·贝格沃尔 
2049989, Simon Sandquist
1308040,李志超
1780168,苏照彬
1308761,约瑟夫·鲁本
1306665,皮托夫
2027899,尼基塔·米哈尔科夫
6811422,邱礼涛
1305074,李·塔玛霍瑞
3148064,韦斯·克雷文
24859034,安兵基
1301485,尼古拉斯·加斯纳
1292676,布鲁斯·贝尔斯福德
2124708,伍仕贤
1427038,保罗·安文
1303472,大卫·林奇
6804364,彭顺
4728518,蔡尚君
1438300,沙恩·布莱克
2002954,Nimród Antal
1299495,韦斯·克雷文
2377539,Blutch 
2377539, Charles Burns 
2377539, Marie Caillou 
2377539, Pierre Di Sciullo 
2377539, Lorenzo Mattotti 
2377539, Richard McGuire
1773217,班庄·比辛达拿刚 
1773217, 柏德潘·王般
1949329,亚历山大·阿嘉
1297336,山姆·雷米
1864491,大卫·S·高耶
4884122,Michael Brandt
1771925,Eric Valette
3862259,胡明凯 
3862259, 邓衍成
2252771,尼尔森·麦科米克
10549223,安兵基
1304940,徐克
1291878,佩德罗·阿莫多瓦
1297399,罗曼·波兰斯基
1293903,加里·弗莱德
1294197,乔恩·阿米尔
6087768,江涛
3436905,Brian King
1301232,阿尔弗雷德·希区柯克
1293133,韦斯·克雷文
1763939,Brian Farnham
3078514,史蒂芬·戴德利
1292584,奥逊·威尔斯
10471540,奥拉顿德·奥逊山米
2282449,特瑞·吉列姆
1422088,贝拉·塔尔
1892526,詹妮弗·林奇
1689787,佩德罗·阿莫多瓦
2173673,约翰·奥古斯特
11636413,梁婷
10485481,约翰·克劳利
1892530,大卫·柯南伯格
1306528,Nick Hamm
1293352,霍华德·霍克斯
1298876,罗伯特·泽米吉斯
1433496,史蒂文·斯皮尔伯格
1999216,Chris Sivertson
10514806,朱敏江
1296397,西德尼·吕美特
24324732,阿努拉格·卡施亚普
1416898,贝拉·塔尔 
1416898, Ágnes Hranitzky
1484163,池田健司
3152563,朱里安·杰拉德
1830411,Allen Coulter
2310059,星护
6731992,胡安·卡洛斯·梅迪纳
3804790,迈克尔·斯特内
2988509,克里斯托弗·史密斯
25969095,吴兵
1826749,Jeff Crook 
1826749, Josh Crook
1297894,索菲亚·科波拉
1462839,堤幸彦
1292916,乔纳森·林恩
3721152,Giuseppe Capotondi
6424183,古泽健
1293840,约翰·弗兰克海默
1293852,罗曼·波兰斯基
1456197,伊莱·罗斯
1798665,邱礼涛
1300966,让-皮埃尔·梅尔维尔
2352630,米凯尔·哈弗斯特罗姆
1506769,安德鲁·格里夫
1298461,莉莉安娜·卡瓦尼
1297707,耶利米·S·谢奇克
24751826,James Kent
3566747,杰克·哥德博尔格
1295480,诺曼·杰威森
1302597,唐·夏普
1299549,克林特·伊斯特伍德
1441473,M·奈特·沙马兰
3138617,安南德·图克尔
1482107,吉尔·克兰
1294764,艾伦·帕克
4099520,Andy Hurst
1796729,市川昆
1293031,伍迪·艾伦
1306548,迈克尔·哈内克
10485526,温子仁
1293755,威廉·弗莱德金
3126187,班庄·比辛达拿刚 
3126187, 柏德潘·王般 
3126187, Youngyooth Thongkonthun 
3126187, Paween Purikitpanya
1453067,亚历山大·阿嘉
1309088,扎克·施奈德
6837235,安德斯·穆斯切蒂
2361386,山姆·雷米
2295401,卡瑞恩·库萨马
3066083,约翰·哈里斯
3529375,Sopon Sukdapisit
1866462,Pasith Buranajan 
1866462, Kongkiat Khomsiri 
1866462, Isara Nadee 
1866462, Seree Phongnithi 
1866462, Yosapong Polsap 
1866462, Putipong Saisikaew 
1866462, Art Thamthrakul
6874441,金伯莉·皮尔斯
1758487,胡安·卡洛斯·弗雷斯纳迪罗
1296026,彭发 
1296026, 彭顺
4122701,班庄·比辛达拿刚 
4122701, Songyos Sugmakanan 
4122701, Paween Purikitpanya 
4122701, 柏德潘·王般
1307807,麦子善 
1307807, 刘宝贤 
1307807, 不是女人(王晶)
1298389,韦斯·克雷文
2252775,Peter Cornwell
2269893,亚历山大·阿嘉
1300377,彼得·杰克逊
6875615,斯科特·德瑞克森
22759752,陈嘉上 
22759752, 刘国昌 
22759752, 泰迪·罗宾
1307488,金知云 
1307488, 朗斯·尼美毕达 
1307488, 陈可辛
3023155,Songyos Sugmakanan
1295831,丹尼尔·麦里克 
1295831, 艾德亚多·桑奇兹
1292664,布莱恩·德·帕尔玛
22759660,任达华 
22759660, 李志毅 
22759660, 陈果
1301409,罗伯特·罗德里格兹
3105162,豪梅·巴拿盖鲁 
3105162, Paco Plaza
1962823,米切尔·利希藤斯坦
2132486,卡特·史密斯
1309217,彭发 
1309217, 彭顺
6021917,马库斯·邓斯坦
5156706,詹姆斯·瓦特金斯
20501030,迈克·弗拉纳根
2027923,唐永健
4883258,Paco Plaza
1436846,Scott Derrickson
1308834,郑保瑞
1416850,乔治·A·罗梅罗
2030563,Monthon Arayangkoon
2032339,Joe Lynch
1309032,Andrew Douglas
2075994,班庄·比辛达拿刚 
2075994, 柏德潘·王般
2998395,塞缪尔·贝尔
1778999,彭顺 
1778999, 彭发
24522915,张家辉
1305655,阿甘 
1305655, 萧荣
1300392,托比·霍珀
25821124,约翰·埃里克·道达尔
5960681,约翰·卢森霍普
1300077,汤姆·霍兰德
1297203,安德烈·祖拉斯基
1871840,史蒂夫·迈纳
2132426,奥勒·博内代尔
3148877,Declan O'Brien
1482090,罗伯特·罗德里格兹 
1482090, 伊莱·罗斯 
1482090, 昆汀·塔伦蒂诺 
1482090, 埃德加·赖特 
1482090, 罗布·赞比
1401873,三池崇史 
1401873, 陈果 
1401873, 朴赞郁
4049700,吉列尔莫·莫拉莱斯
1482102,清水崇
1871836,大卫·斯雷德
4117274,托德·威廉姆斯
10508907,布莱德利·帕克
1892147,Breck Eisner
1292501,山姆·雷米
6128025,亚当·温加德
5384590,The Vicious Brothers
1296332,达里奥·阿基多
11610998,Isara Nadee 
11610998, 卡洛堤·奈金塔隆 
11610998, 皮查农·塔玛杰拉
1308797,罗志良
1308792,清水崇
1305419,戈尔·维宾斯基
25785812,詹妮弗·肯特
1830189,梁明 
1830189, 穆德远
1302429,于仁泰
1437883,郑保瑞
1883406,Tanit Jitnukul
1301156,马伟豪 
1301156, 钱文琦 
1301156, 叶伟民
5374152,Henry Joost 
5374152, Ariel Schulman
1480051,郑伟文 
1480051, 谭郎昌 
1480051, 邱礼涛
3012009,Pascal Laugier
1293035,于仁泰
5323911,约翰·古拉格
1309056,布鲁斯·亨特 Bruce Hunt
3095189,Pasith Buranajan 
3095189, Kongkiat Khomsiri 
3095189, Isara Nadee 
3095189, Seree Phongnithi 
3095189, Yosapong Polsap 
3095189, Putipong Saisikaew 
3095189, Art Thamthrakul
2036996,钱文锜
24870066,史蒂文·R·蒙若尔
1438790,吉田秋 
1438790, 雨宫庆太 
1438790, 平野俊一 
1438790, 佐佐木浩久 
1438790, 豊島圭介 
1438790, 铃木浩介 
1438790, 井口升 
1438790, 三宅隆太
6788517,北村龙平
10466639,格勒恩·马奎德 
10466639, 大卫·布鲁克纳 
10466639, Radio Silence 
10466639, 乔·斯万博格 
10466639, 缇·威斯特 
10466639, 亚当·温加德
1299586,约翰·卡朋特
1890787,滕华涛
1914923,马库斯·尼斯佩尔
1979068,白石晃士
1306670,维克多·萨尔瓦
3217669,托比·维尔金森
1461348,Simon West
2364838,落合正幸
1892527,迈克尔·哈内克
1306984,郑保瑞
1295942,托德·布朗宁
1305793,斯图尔特·戈登
1301928,蓝志伟
1292739,彼得·杰克逊
1358386,鹤田法男 (Norio Tsuruta)
4708013,Víctor García
1293448,山姆·雷米
5985871,普安农
1963710,亚历山大·布斯蒂罗 
1963710, 朱利安·莫利
2296544,Pete Riski
1774223,达维德·莫罗 
1774223, Xavier Palud
1485185,William Brent Bell
1309125,彭发 
1309125, 彭顺
22266898,斯科特·德瑞克森
1295255,亚历桑德罗·佐杜洛夫斯基
1304766,路克·马克
1302244,刘伟强
1296360,理查德·唐纳
6383536,Sopon Sukdapisit
2998340,米凯尔·哈弗斯特罗姆
3284768,Daniel Stamm
3524289,约翰·卡朋特
3250619,Ekachai Uekrongtham
3011052,大卫·S·高耶
1303460,约翰·卡朋特
1768941,中村义洋 
1768941, 落合正幸 
1768941, 清水崇 
1768941, 白石晃士 
1768941, 鹤田法男
1302638,许鞍华
1293798,John Lafia
1303897,玛莉 兰伯特 (Mary Lambert)
1302447,钱升玮
2277019,张菁
6853653,Daniel Stamm
1416301,余允抗
10429695,Henry Joost 
10429695, Ariel Schulman
1292599,罗恩·安德伍德
1298152,邱礼涛
20451118,西蒙·巴雷特 
20451118, 杰森·埃森纳 
20451118, 加雷斯·埃文斯 
20451118, Gregg Hale 
20451118, 艾德亚多·桑奇兹 
20451118, 提莫·塔哈亚托 
20451118, 亚当·温加德
1297500,William Malone
1296791,F·W·茂瑙
1309110,克里斯托弗·史密斯
1304044,吉尔莫·德尔·托罗
2051750,Eric Valette
1939690,园子温
1297996,乔治·A·罗梅罗
3804835,汤姆·艾尔金斯
21348112,Eric England
2361528,彭发
1875317,阿甘
1853181,约翰·古拉格
2373638,John Erick Dowdle
1979067,白石晃士
1864995,约翰·斯托克韦尔
3003192,Jay Lee
1292547,罗伯特·威恩
1295578,乔治·A·罗梅罗
1293143,肖恩·S·坎宁安
1482354,饭田让治
2059125,Roar Uthaug
1437037,清水崇
1297522,安德尔·迪·托斯
1424661,Greg McLean
1478851,豪梅·巴拿盖鲁
1584898,彭顺 
1584898, 彭发
21355504,凯文·格劳特
1876686,Jonathan King
1298214,查克·拉塞尔
1308046,Victor Salva
1303237,雷尼·哈林
1299111,山姆·雷米
24877502,德里克·李 
24877502, 克里夫·普洛斯
3792868,D·凯瑞·普瑞尔
1302495,邱礼涛
1422340,Tommy Lee Wallace
3618294,提瓦·马泰松
6860303,丹·卡斯卡拉里
2138418,托比·维尔金森
1292836,Danny Cannon
3289348,Paul Solet
1302393,刘观伟
1819888,安相勋
25785807,托米·维尔科拉
2000830,雨宫庆太 
2000830, 铃木卓尔 
2000830, 丰岛圭介
1296008,乔治·A·罗梅罗
1299957,Jack Sholder
1299667,董玮
1472532,曾谨昌
5240540,Mark Tonderai
3735003,克雷格·吉勒斯佩
2053665,邱礼涛
1303676,刘镇伟
1296685,米歇尔·索伊
10512944,Isara Nadee
1419929,唐·曼西尼
1293956,杰米 布兰克斯 (Jamie Blanks)
4017154,Brett Simmons
6061437,Robert Heath
6307966,Richard Raaphorst
1865656,乔治·A·罗梅罗
2998478,Joe Dante
1292832,乔治·A·罗梅罗
1693078,由拉特·史帕克
1309058,沃尔特·塞勒斯
1299898,达里奥·阿基多
3072894,斯特瓦特·亨德尔
3288399,肖恩·伯恩
4312245,Pakpoom Wongjinda
1309009,Stephen T. Kay
3014399,斯蒂尔斯·怀特
3168094,Troy Nixey
1759288,吉田秋生
1484633,桂治洪
2133483,泽维尔·吉恩斯
1297538,邱礼涛
2301125,埃里克·雷德
2301676,Jonas Barnes 
2301676, Michael Manasseri
6061975,Douglas Buck 
6061975, Buddy Giovinazzo
24852726,格莱高利·莱瓦瑟
23766551,唐·曼西尼
1422204,尤戈·布特格雷特
2159244,Greg Mclean
25751623,Eric England
1306403,刘观伟
2146591,Narciso Ibáñez Serrador
19951145,Rapeepimol Chaisaena
1305789,刘观伟
1308079,李受妍
25815542,Isara Nadee 
25815542, Kirati Nakintanon 
25815542, Putipong Saisikaew
1305611,Robin Hardy
1295875,尼尔·马歇尔
1309023,中田秀夫
1308017,Higuchinsky
6957289,大卫·盖伊·利维
2268357,Yam Laranas
1299767,Michael Gornick
2977365,Patchanon Thammajira
1482029,John Moore
5159495,William Brent Bell
3660836,由拉特·史帕克
14321432,John Poliquin
6780857,亚历山大·布斯蒂罗 
6780857, 朱利安·莫利
1295276,大卫·柯南伯格
1302294,尼古拉斯·罗伊格
25886490,钱人豪
5501708,Eakasit Thairatana
1394470,叶伟信
1295447,雷尼·哈林
1299591,杰克·本德
2127388,刘观伟
5286801,清水崇
3418436,白石晃士
1294825,杰克·克莱顿
1295402,Tony Randel
6519403,John Pogue
7046520,弗兰克·卡方
2049569,Scott Thomas
1858267,Kit Ryan
1298572,布莱恩·尤兹纳
1295796,斯蒂芬·霍普金斯
6870692,王晶 
6870692, 叶念琛
1307926,邝文伟 (Abe Kwong)
1947318,Alfred Sole
2262224,Gideon Raff
1875321,邱礼涛
25745786,杜玉贞
1474302,Jim Sonzero
3017555,Mats Stenberg
1433358,鲁伯特·温莱特
1297010,韦斯·克雷文
2030560,彭发
10462218,Nicholas McCarthy
3824357,Jim Mickle
1297790,布莱恩·尤兹纳 
1297790, 克里斯多夫·甘斯 
1297790, 金子修介
1304665,黑泽清
22518928,塔韦华·温泰
2295799,吉田秋生
1472301,新藤兼人
1479872,梁小熊
1908174,Jason Todd Ipson
1307222,洪中侠
1857086,Stephen Hopkins
1306345,叶伟信
1306742,克雷格 R. 巴克斯利 (Craig R. Baxley)
1863449,克里斯托弗·史密斯
5064521,Josh Reed
2136652,Adam Gierasch
1301348,塞巴斯蒂安·高蒂维斯
1303998,Rachel Talalay
20389691,Jen Soska 
20389691, Sylvia Soska
20273820,中田秀夫
1293390,汤姆 霍兰 (Tom Holland)
1507366,光石富士朗
3725385,托德·林肯
1296035,朗斯·尼美毕达
1308561,黑泽清
23286078,長江俊和
2051452,Ti West
2160638,Dario Piana
1305914,大卫·柯南伯格
1302401,韦斯·克雷文
1292556,扬·德·邦特
2301909,乔治·A·罗梅罗
6719716,亚历桑德罗·布鲁格斯
2992767,Monthon Arayangkoon
1476669,邓衍成
19954796,Ed Gass-Donnelly
25725308,Ivan Kavanagh
1308591,及川中
2040107,米克·加里斯
1921003,布莱恩·伯蒂诺
2042154,及川中
2059313,乔治·拉提夫
1307800,塚本晋也
25732529,皮亚潘·秋贝绮
1293925,大卫·林奇
3230168,David Keating
1826150,古泽健
25798132,普安农
3725361,达伦·林恩·鲍斯曼
1385566,杰弗里·萨克斯
5353616,达伦·林恩·鲍斯曼
5029050,丹尼斯·甘塞尔
5326608,路克·马克
25775571,詹姆斯·德莫纳克
1473078,刘镇伟
2074597,刘鸿泉
3804728,Mark McQueen
6028313,Carlo Ledesma
5325335,巴瑞·莱文森
1788098,堤幸彦
2127676,午马
1902534,John Shiban
1296700,徐克
1304243,郑保瑞
3068236,Yannick Dahan 
3068236, Benjamin Rocher
4729828,普安农   Poj Arnon
1765480,及川中
4753436,胡安·卡洛斯·弗雷斯纳迪罗
1440583,鲍方
1695241,斯图尔特·戈登
1297100,丹·欧班农
1417045,山口洋辉
1307100,于仁泰
1485255,Sylvain White
3034755,吴基焕
2009469,Tony Krantz
20427592,Michael S. Ojeda
20280040,汤姆·哈伯
3210963,布鲁斯·麦克唐纳德
3011093,罗勒·莎菲
1394488,Vitcha Gojiew 
1394488, 颂裕·素玛戈南 
1394488, 尼提瓦·塔拉吞 
1394488, 维达也·汤于容 
1394488, 埃迪森·特斯利卡森 
1394488, Komgrit Triwimol
3792508,尼提瓦·塔拉吞
4036000,李芳芳
2336735,泰伦斯·马力克
3769423,彼得·拉姆齐
3073875,安德里亚·阿诺德
2083944,萨娜·汉姆利
1860745,嘉柏·丘波
4904026,S.J.克拉克森
1771061,杰西卡·沙泽尔
3610676,黛布拉·格兰尼克
1293753,乔·庄斯顿
7015714,贝赫·泽特林
1309015,沃尔特·塞勒斯
5972040,让-皮埃尔·达内 
5972040, 吕克·达内
3011072,李·丹尼尔斯
2078398,克里斯提诺·波顿
1323749,彭浩翔
20415220,乔丹·沃格特-罗伯茨
1296821,莱塞·霍尔斯道姆
1292585,斯科特·卡尔维特
1907465,沃尔特·塞勒斯
1292352,卡梅伦·克罗
1303031,波·维德伯格
1291976,莱塞·霍尔斯道姆
1919245,亨利·塞利克
6800483,杰夫·尼克尔斯
2131291,迈克尔·艾普特
1416942,丹尼斯·甘塞尔
1308191,Tim McCanlies
5262027,胤祥
25741398,Alê Abreu
1295728,约翰·休斯
3338879,苏珊娜·比尔
3743049,理查德·艾欧阿德
1793200,查恩·厄尔马克
4301274,肖恩·麦克纳马拉
6390832,罗伯特·泽米吉斯
6601382,欧·帕克
1295437,约翰·休斯
4810698,尼玛·诺里扎德
1299103,侯孝贤
1299811,史蒂文·斯皮尔伯格
1301811,彼得·霍顿
1482079,约翰 A·戴维斯
2004613,尼提瓦·塔拉吞
5152333,杨尼克·西斯泰德·雅各布森
3236904,米克·杰克逊
1296636,凯利·阿斯博瑞 
1296636, Lorna Cook
1763905,多罗塔·肯杰尔扎沃斯卡
1948937,斯派克·琼斯
1309052,安德鲁·亚当森
3007817,乔丹·斯科特
3660508,斯邦瑟·舒瑟
1477506,Doug Atchison
1293212,潘妮·马歇尔
25837574,米莎·坎普
1304406,马基德·马基迪
2028669,史蒂文·斯皮尔伯格
1291574,约翰·拉塞特
10745399,奈特·法松 
10745399, 吉姆·拉什
1986338,肯尼·奥特加
1302133,Agnieszka Holland
1304868,泰利·茨威戈夫
1422954,迈克·米尔斯
2215609,肯尼·奥特加
1292718,罗伯特·雷德福
1296835,韦斯·安德森
