movie_id,language
25746375,汉语普通话
25746375,粤语
25746375,浙江方言
5446197,英语
25885212,英语
25728581,意大利语
5156558,英语
24325815,英语
25922902,日语
25738406,英语
25767747,英语
25767747,意大利语
25823840,韩语
10533913,英语
25814707,日语
10773239,英语
25870236,汉语普通话
25870236,粤语
26147706,日语
25761178,日语
26219652,汉语普通话
25786077,英语
25958787,日语
3608742,英语
11541282,英语
25837175,汉语普通话
25837175,粤语
25837175,闽南语
10463953,英语
10463953,德语
24397586,无对白
6866928,日语
25752261,英语
25752261,法语
25752261,意大利语
25752261,德语
25773932,英语
23788440,汉语普通话
23788440,粤语
23788440,英语
23788440,泰语
23788440,韩语
24879839,汉语普通话
25932086,德语
25855951,法语
25855951,西班牙语
25855951,手语
3592854,英语
6039412,英语
25907004,汉语普通话
26366634,韩语
4160540,英语
26021055,汉语普通话
10741834,英语
10741834,韩语
25809260,韩语
24753687,汉语普通话
10741643,印地语
25745752,汉语普通话
25830802,汉语普通话
24847343,汉语普通话
21318488,英语
10755171,英语
11520649,英语
26268587,英语
25718082,汉语普通话
23761370,英语
24405378,英语
24405378,阿拉伯语
24405378,瑞典语
19957083,英语
24716045,英语
25945356,汉语普通话
21937450,韩语
21937450,英语
21937450,德语
25870084,汉语普通话
25794212,英语
21442760,英语
3104205,英语
25742299,汉语普通话
25742299,粤语
21263666,英语
21263666,阿拉伯语
25900851,日语
25774050,日语
26314206,法语
26314206,汉语普通话
26314206,英语
10827341,英语
24859095,英语
6846893,英语
25799475,日语
1889243,英语
25823833,汉语普通话
25823833,英语
25811357,汉语普通话
25811357,粤语
25811357,马来语
25811357,英语
25811357,闽南语
2973079,英语
10792633,英语
10792633,德语
10754780,英语
10440138,英语
2998373,英语
11026735,英语
24987018,汉语普通话
24987018,粤语
24987018,韩语
24987018,英语
25858759,汉语普通话
25858759,英语
25800938,丹麦语
21349734,英语
21349734,匈奴语
2363942,英语
25872931,汉语普通话
21767183,日语
26279166,粤语
24753810,汉语普通话
24753810,英语
5153254,英语
24307637,韩语
2325873,英语
25898213,英语
6126442,汉语普通话
6126442,英语
6126442,上海话
6126442,法语
6126442,日语
6126442,满语
6126442,越南语
6126442,拉丁语
25821585,英语
25861695,日语
25834945,粤语
6875263,英语
25908042,汉语普通话
25908042,英语
21345845,英语
25945408,日语
25881780,汉语普通话
25881780,意大利语
25881780,英语
26259634,汉语普通话
11540651,韩语
24883815,英语
24872023,英语
10807909,汉语普通话
10807909,英语
5154799,英语
5154799,俄语
25780584,汉语普通话
25780584,英语
25947154,英语
25731554,英语
25746414,汉语普通话
25746414,英语
25746414,上海话
25890082,韩语
24713882,英语
6533054,英语
25862355,韩语
25835293,汉语普通话
10548265,英语
10548265,日语
10548265,意大利语
26184109,无对白
25938856,英语
4911596,英语
25713420,汉语普通话
3078390,汉语普通话
3078390,日语
3078390,闽南语
3078390,上海话
23712710,韩语
23769147,英语
23769147,法语
25805054,汉语普通话
11808948,英语
23331914,英语
23331914,德语
23331914,西班牙语
25919385,韩语
20277632,英语
20277632,俄语
25777512,日语
25957011,德语
25905746,汉语普通话
24743709,汉语普通话
24743709,英语
24695390,英语
3012013,英语
3012013,俄语
20277433,英语
25755608,法语
25806476,日语
3006769,英语
3006769,法语
3006769,意大利语
21349301,英语
25884416,汉语普通话
25884416,粤语
25761564,英语
26140241,汉语普通话
26140241,意大利语
7003416,汉语普通话
7003416,粤语
25779218,汉语普通话
3089638,英语
10793610,英语
10793610,阿拉伯语
10793610,希伯来语
10546762,英语
26356488,爱沙尼亚语
26356488,德语
26356488,俄语
25919529,韩语
26383523,汉语普通话
3319744,英语
3319744,法语
3319744,德语
24751757,汉语普通话
25798854,日语
25845383,日语
25728008,英语
10508874,韩语
25838216,日语
21349345,英语
21977761,英语
20283482,英语
25853073,日语
10546665,英语
25818615,日语
5432221,英语
5432221,日语
24743712,汉语普通话
24845116,日语
26310932,英语
10440069,英语
25809101,英语
25819726,韩语
22637441,德语
22637441,英语
11810348,英语
11810348,汉语普通话
11810348,意大利语
26588820,英语
25788954,英语
6858224,英语
25856577,韩语
26271893,粤语
26271893,汉语普通话
26271893,英语
26271893,泰语
25772380,英语
25772380,丹麦语
23767433,英语
21348445,英语
25774051,日语
4881607,汉语普通话
4881607,英语
25871647,日语
25798131,英语
6516595,英语
26361257,英语
20253940,英语
26356495,俄语
22994771,汉语普通话
25767613,韩语
25824853,汉语普通话
25824853,粤语
4845723,西班牙语
25892603,西班牙语
25742242,汉语普通话
25856626,韩语
25790755,韩语
24723061,汉语普通话
25834457,韩语
25827399,英语
25827399,西班牙语
4154632,汉语普通话
25880244,汉语普通话
25834473,汉语普通话
25834473,英语
25831308,汉语普通话
25831308,英语
25984795,韩语
25750177,日语
26378296,韩语
26382849,汉语普通话
3317370,英语
25824741,汉语普通话
25824741,粤语
26220731,汉语普通话
24742719,英语
24742719,西班牙语
25835306,英语
25743833,汉语普通话
25723095,韩语
26087473,日语
24843623,韩语
24530939,英语
24530939,汉语普通话
24530939,粤语
24530939,西班牙语
24530939,印尼语
25836152,日语
25820655,日语
7059561,葡萄牙语
7059561,英语
26274132,日语
24695277,汉语普通话
24695277,粤语
25444447,汉语普通话
25444447,粤语
21359619,汉语普通话
21359619,粤语
20453001,英语
24743119,英语
6053684,英语
25913617,英语
25812885,英语
25958197,英语
19897541,日语
22508259,英语
2147872,英语
25870671,日语
10577854,英语
25749871,英语
25749871,土耳其语
25749871,希腊语
25749871,俄语
26356473,英语
25870679,韩语
20278806,英语
10756517,英语
6873819,英语
25766663,日语
3112738,英语
25721544,英语
24882719,英语
6873740,英语
26036657,意大利语
25827270,韩语
26263504,泰语
25920098,英语
25920098,法语
25709273,汉语普通话
26258872,英语
25757780,英语
3012031,英语
25828520,韩语
25949984,日语
12012475,英语
25884436,英语
26258752,英语
25908302,汉语普通话
25908302,韩语
25908302,英语
22276795,汉语普通话
25828521,韩语
25722262,英语
10741865,英语
25789352,汉语普通话
24325906,英语
24842277,英语
25706778,汉语普通话
25800269,韩语
26306980,英语
26356055,泰语
25767853,西班牙语
25747016,英语
25823113,日语
25843352,韩语
25743807,汉语普通话
24746974,英语
21965450,英语
25977063,韩语
26263437,汉语普通话
26263437,粤语
20436359,波斯语 Persian
26550734,汉语普通话
6874433,英语
24697552,英语
26022765,英语
25832727,日语
6873851,英语
25789453,韩语
26011893,汉语普通话
10764850,英语
25869868,汉语普通话
25799040,日语
25750671,英语
3095502,葡萄牙语
25824753,韩语
3073287,英语
25957030,法语
25957030,日语
25957030,英语
26590070,汉语普通话
25875209,英语
25931245,日语
26417423,英语
25908941,英语
25740966,捷克语
24845637,汉语普通话
10526498,法语
25777784,日语
25905773,泰语
24753439,法语
25881067,汉语普通话
25810966,英语
10755525,英语
24639908,法语
26317346,汉语普通话
26176503,英语
26228762,西班牙语
25882861,俄语
25776178,英语
25934361,德语
25861681,日语
25730893,英语
24877015,英语
11600988,英语
25739366,英语
25821620,日语
25870091,英语
26423179,英语
25823469,英语
25932073,汉语普通话
25932073,粤语
25749515,英语
26348959,汉语普通话
20271845,法语
25911449,格鲁吉亚语
25911449,阿布哈兹语
25911449,俄语
22419013,日语
25705507,波兰语
26235707,韩语
19929592,无对白
19929592,手语
26201173,土耳其语
22419433,日语
25833539,英语
24711890,英语
26277313,汉语普通话
26277313,粤语
25841241,日语
25741337,韩语
25785061,英语
20379462,英语
20379462,西班牙语
25821380,英语
25975912,韩语
11624706,英语
24851526,汉语普通话
24851526,日语
10755160,英语
25890078,韩语
26312967,汉语普通话
21794463,英语
21794463,丹麦语 Danish
21794463,瑞典语  Swedish
25862325,法语
26297389,韩语
3338862,英语
5997157,英语
26272363,英语
25767612,韩语
26373522,英语
25724870,粤语
25724870,汉语普通话
25863669,英语
25875037,韩语
21361076,英语
25800699,英语
25743024,英语
24718802,法语
24718802,阿拉伯语 Arabic
24704130,英语
20496674,英语
25806461,韩语
25851668,韩语
24705685,英语
25790164,日语
25814628,德语
21937456,日语
10776641,英语
25967329,印地语
25896101,英语
25903812,韩语
25917236,法语
24757324,英语
19962556,法语
25687245,希伯来语
25899439,粤语
26088329,英语
25845399,日语
23011206,匈牙利语
23011206,英语
5152973,英语
25795793,德语
20388696,英语
3006306,英语
25853729,日语
26012018,汉语普通话
25886495,粤语
25795311,日语
26200413,波兰语
25826239,英语
26012598,英语
26304164,汉语普通话
26304162,汉语普通话
26304161,汉语普通话
25765830,英语
25728003,日语
25911450,捷克语
26304160,汉语普通话
26304159,汉语普通话
26281899,英语
25941964,英语
25812731,日语
25803933,阿拉伯语
25803933,英语
25803933,法语
25809902,法语
25767565,韩语
26302610,汉语普通话
21319012,英语
25965348,英语
25831828,汉语普通话
23255228,英语
26351660,英语
25773294,汉语普通话
25934062,英语
20388974,英语
11638862,英语
26301744,汉语普通话
25800203,日语
25863916,韩语
26304163,汉语普通话
6521506,瑞典语
6521506,英语
25870483,英语
25951377,英语
25934051,粤语
25934051,汉语普通话
21267622,日语
24857986,英语
22994673,匈牙利语
10757685,英语
25725759,英语
10518895,俄语
26299479,英语
25792608,丹麦语 Danish
23035067,英语
25695667,韩语
24522866,英语
25967447,日语
25917239,波兰语
25831643,印地语
19902983,日语
22011074,挪威语
22011074,瑞典语
22011074,丹麦语
22011074,英语
22011074,塞尔维亚语
22011074,德语
24850017,英语
11584019,英语
11584019,爱尔兰语
11584019,苏格兰盖尔语
10727845,英语
25823076,意大利语
10581884,英语
10581884,俄语
24523811,英语
20270421,汉语普通话
26280561,汉语普通话
26280561,闽南语
24696717,日语
25755250,英语
22266974,英语
25861680,日语
10796578,英语
10796578,韩语
10796578,日语
25842340,英语
25842340,俄语
25842340,泰语
4206507,英语
7015586,英语
25884874,日语
25814705,日语
25905892,日语
25875053,汉语普通话
25875053,闽南语
21767208,日语
24879206,英语
20284797,英语
5327400,英语
5327400,法语
5327400,德语
25741353,日语
25806698,汉语普通话
24750126,西班牙语
20561487,德语
24735122,英语
24694696,英语
25747610,日语
20494466,法语
10543692,日语
21793611,英语
24750968,英语
25670379,英语
25836143,英语
20275845,印地语
25780555,英语
24876979,英语
25858785,粤语
25858785,汉语普通话
25858785,泰语
25858785,四川话
25858785,英语
4202983,英语
25762403,韩语
26301742,汉语普通话
25762404,韩语
24858413,日语
3993588,汉语普通话
3993588,蒙古语
23010202,日语
10486471,英语
25747028,韩语
22747237,英语
25931607,英语
11528271,英语
25886498,汉语普通话
3036472,英语
21267670,日语
24737161,汉语普通话
25806368,法语
24522651,英语
20490940,法语
25723328,英语
5327474,英语
10755696,英语
25741354,日语
24885205,英语
10733937,法语
10733937,英语
10733937,日语
25795972,汉语普通话
25795972,缅甸语
24525283,俄语
7155005,瑞典语
7155005,英语
7155005,法语
7155005,挪威语
25879014,英语
19976774,英语
19976774,法语
19976774,德语
19976774,瑞士德语
24839508,韩语
25980500,英语
25733490,意大利语
25818840,英语
24869803,爱沙尼亚语
24869803,俄语
24869803,格鲁吉亚语
25738793,日语
20395150,日语
21323275,日语
25805036,荷兰语
24706561,英语
24706561,俄语
25909566,英语
10764054,英语
25945491,英语
19997896,汉语普通话
24153243,英语
25795310,日语
3011022,英语
24706496,英语
20515015,英语
25726142,英语
4109746,英语
10758799,挪威语
10758799,英语
25740192,英语
4301659,英语
21319853,英语
24870630,日语
25770733,英语
25794230,英语
25794230,德语
22254890,德语
20436812,英语
21965464,英语
21965464,西班牙语
25823638,泰语
10465148,法语
10465148,英语
25862591,西班牙语
24869399,意大利语
24869399,英语
3439317,英语
25747030,韩语
25927387,英语
25769362,日语
25857885,日语
25815008,英语
25823035,韩语
24696982,英语
21770915,土耳其语
21770915,英语
7065161,韩语
25700831,汉语普通话
25700831,韩语
24697539,英语
24311267,英语
25753339,日语
25903068,泰语
25885962,英语
20468389,法语
24869824,日语
19974285,英语
19974285,西班牙语
24304229,英语
23776064,日语
1292052,英语
3541415,英语
3541415,日语
3541415,法语
1295644,英语
1295644,意大利语
1292720,英语
1291546,汉语普通话
3793023,印地语
3793023,乌尔都语
3793023,英语
1291561,日语
1292063,意大利语
1292063,德语
1292063,英语
1292722,英语
1292722,法语
1292722,德语
1292722,瑞典语
1292722,意大利语
1292722,俄语
1292001,英语
1292001,法语
2131459,英语
1929463,英语
1929463,泰米尔语
1929463,法语
1929463,日语
1929463,印地语
1929463,汉语普通话
3011091,英语
3011091,日语
1295124,英语
1295124,希伯来语
1295124,德语
1295124,波兰语
1292213,粤语
1292213,汉语普通话
1291549,法语
6786002,法语
3319755,英语
1849031,英语
1849031,粤语
1291560,日语
1292064,英语
1292000,英语
1291841,英语
1291841,意大利语
1291841,拉丁语
1309046,英语
1299398,粤语
1299398,汉语普通话
2129039,英语
1907966,英语
3742360,汉语普通话
3742360,四川话
3742360,山西话
1307914,粤语
1291828,意大利语
1291828,英语
1291828,葡萄牙语
1851857,英语
1851857,汉语普通话
1291552,英语
1291552,昆雅语
1291552,古英语
1291552,辛达林语
1291583,日语
1293839,英语
1293839,意大利语
1293839,德语
1293182,英语
1293350,英语
1291858,汉语普通话
1291858,日语
1291858,唐山话
1292215,法语
1292215,俄语
1900841,德语
1292223,英语
1292223,葡萄牙语
1300267,英语
1306029,英语
1780330,英语
1292370,英语
1292224,英语
1787291,日语
1298624,英语
1291571,英语
1291571,辛达林语
1292365,汉语普通话
1291572,英语
1291572,辛达林语
1291572,古代英语
1652587,英语
1652587,西班牙语
1485260,英语
1485260,俄语
1485260,法语
3287562,英语
1308807,日语
4917726,韩语
1292343,英语
1292220,日语
1291548,英语
2334904,英语
2334904,德语
1292402,意大利语
1292402,英语
1292402,拉丁语
1292402,古希腊语
1291832,英语
1291832,西班牙语
1291832,法语
21360417,韩语
1296736,英语
1296736,德语
1296736,俄语
1293544,英语
2353023,英语
6985810,丹麦语
6985810,英语
6985810,波兰语
1291843,英语
1299131,英语
1299131,意大利语
1299131,西班牙语
1299131,拉丁语
1299131,西西里语
1297192,英语
1291818,汉语普通话
1291818,闽南语
1291818,湖南话
1301753,英语
1301753,斯瓦希里语
1301753,科萨语
1301753,祖鲁语
1292262,英语
1292262,法语
1292262,意大利语
10577869,英语
4268598,日语
1978709,英语
1978709,法语
1978709,意大利语
1316510,粤语
2149806,日语
1294639,英语
1294639,法语
1294639,拉丁语
1294639,苏格兰盖尔语
1292656,英语
1298070,英语
1300299,韩语
1291999,粤语
1291999,汉语普通话
1291999,英语
1291999,印地语
1291999,日语
1418834,英语
3072124,英语
3072124,依地语
1292849,英语
1292849,法语
1292849,德语
1292849,捷克语
10777687,韩语
1297630,英语
1297630,拉丁语
1297630,西班牙语
6874403,英语
1291875,汉语普通话
3792799,粤语
3792799,汉语普通话
3792799,英语
3792799,上海话
3792799,法语
2209573,英语
2209573,印地语
2209573,法语
1291545,英语
1291545,法语
1291545,俄语
1291545,粤语
1291545,汉语普通话
3011235,英语
3075287,英语
5322596,英语
1296339,英语
1296339,德语
1296339,法语
1304447,英语
3395373,英语
1793929,英语
1793929,日语
4739952,泰语
4739952,印尼语
4739952,英语
4920528,汉语普通话
1294408,英语
1305487,英语
1305487,法语
1297359,日语
1305164,粤语
1305164,汉语普通话
1305164,英语
1292679,粤语
1292679,汉语普通话
1292679,西班牙语
3011051,英语
1303021,波斯语
1291579,英语
1291990,英语
1291990,法语
4202302,日语
1309163,英语
6534248,英语
1295038,英语
1292208,葡萄牙语
1306249,粤语
1297447,粤语
2043546,日语
6307447,英语
6307447,法语
6307447,德语
3008247,英语
5989818,日语
1292401,英语
1292401,葡萄牙语
1292401,法语
4023638,英语
1296141,英语
1296141,德语
1302425,粤语
1418019,汉语普通话
1291870,英语
1291870,意大利语
1760622,英语
1293359,日语
1292434,汉语普通话
1292434,闽南语
1292434,福建话
1292434,英语
1292434,日语
1293318,日语
1418200,英语
1292328,粤语
1292328,汉语普通话
1294371,英语
1291585,日语
1292274,英语
1292274,俄语
1292274,法语
1292274,保加利亚语
10808442,英语
10808442,希腊语
10808442,法语
1858711,英语
1858711,西班牙语
3068206,英语
3068206,俄语
3068206,阿拉伯语
4286017,英语
4286017,葡萄牙语
1291578,英语
1291578,克罗地亚语
1297052,日语
1297052,英语
6860160,英语
1578507,英语
1578507,法语
1578507,阿拉伯语
1578507,俄语
1578507,西班牙语
1293172,英语
1293172,汉语普通话
1293172,日语
1293172,俄语
1862151,汉语普通话
1862151,重庆话
1291844,英语
1291844,西班牙语
1865703,日语
1937946,日语
1292217,英语
1292217,西班牙语
1292528,英语
2300586,英语
2213597,英语
2213597,德语
2213597,希腊语
2213597,拉丁语
2297265,德语
1397546,英语
4848115,日语
1291557,粤语
1291557,上海话
1291557,法语
4915857,英语
1302827,英语
1303394,粤语
1297574,粤语
1297574,汉语普通话
1297574,英语
1291822,英语
1291822,法语
1294240,英语
1294240,意大利语
1294240,德语
1294240,拉丁语
1295865,英语
1303037,汉语普通话
1303037,英语
1304102,英语
1304102,法语
1304102,德语
1304102,荷兰语
1304102,意大利语
1300992,英语
1295409,粤语
1395091,日语
5964718,波斯语
1295399,日语
1308817,法语
1866479,英语
1866479,俄语
1291879,日语
1388216,英语
1388216,波斯语
1388216,西班牙语
1388216,汉语普通话
1388216,韩语
1438652,英语
1438652,德语
1438652,法语
1438652,意大利语
1306861,英语
1305725,英语
1305725,西班牙语
1305690,粤语
1305690,汉语普通话
1305690,英语
1305690,菲律宾语
1305690,上海话
1292659,英语
1292659,拉丁语
3073124,英语
3073124,西班牙语
1308767,英语
1308767,俄语
1308767,德语
1308767,意大利语
1296909,法语
1296909,英语
1296909,德语
1419936,英语
1419936,法语
1419936,德语
1419936,俄语
1419936,西班牙语
1419936,乌克兰语
1419936,阿拉伯语
1419936,土耳其语
1419936,汉语普通话
1292287,汉语普通话
1292287,粤语
3007773,英语
1304073,韩语
1307811,日语
2053515,英语
2053515,捷克语
1966182,英语
1302467,英语
1302467,法语
1292062,英语
1292270,英语
3530403,英语
3530403,西班牙语
1292233,英语
1294638,英语
1308575,汉语普通话
1300117,英语
1300117,世界语
1291853,英语
1291853,德语
1291853,意大利语
1291853,阿拉伯语
1291568,日语
1905462,英语
1905462,丹麦语
3072086,英语
3072086,法语
3072086,瑞典语
4305436,粤语
1293964,英语
1959195,日语
1292214,英语
1292214,匈牙利语
1292214,西班牙语
1292214,法语
1308857,汉语普通话
1308857,藏语
3789848,英语
6549903,英语
6549903,波斯语
2365260,泰语
3993559,赛德克语
3993559,闽南语
3993559,日语
3217169,英语
1292286,英语
1292286,韩语
3731581,英语
3731581,葡萄牙语
6019180,韩语
3205624,英语
3205624,法语
1867345,英语
3824274,法语
3824274,日语
1301171,英语
1301171,俄语
2363506,印地语
2363506,英语
1298653,英语
1298653,俄语
1292728,英语
4798888,英语
1299327,英语
1428175,英语
1428175,门德语
1428175,南非荷兰语
11529526,英语
11529526,汉语普通话
3649049,汉语普通话
3649049,英语
3649049,日语
3649049,南京话
3649049,上海话
1293181,英语
5977835,英语
5977835,汉语普通话
5977835,粤语
3793783,英语
3793783,格陵兰语
3824672,汉语普通话
3824672,台湾手语
3824672,台语
1293460,英语
10535568,法语
10535568,英语
1307106,粤语
1307106,英语
1307106,汉语普通话
1307106,泰语
1482072,英语
1482072,法语
1291992,英语
3233635,英语
3168089,英语
3168089,德语
3168089,法语
3168089,西班牙语
3168089,俄语
1300374,英语
1300374,法语
6537486,法语
4826419,韩语
3726072,粤语
3726072,汉语普通话
1297478,英语
1297478,南非荷兰语
1297478,Ungwatsi
1296753,英语
1296753,法语
1296753,德语
1296753,意大利语
1300960,法语
1300960,英语
1300960,意大利语
1308777,英语
1300741,粤语
3011308,英语
3011308,美国手语
3011308,爱沙尼亚语
1292226,英语
1292226,俄语
3006772,英语
3006772,尼安哈语
3006772,南非荷兰语
3006772,祖鲁语
3006772,科萨语
3006772,塞索托语
3734112,汉语普通话
3734112,日语
1292329,汉语普通话
1292329,上海话
1292329,闽南语
1292329,粤语
4876722,东北话
4876722,汉语普通话
4876722,俄语
10574622,汉语普通话
10574622,英语
10574622,泰语
1302476,粤语
1401118,意大利语
1401118,英语
1293908,英语
1828115,汉语普通话
1828115,上海话
1828115,英语
1828115,粤语
1828115,日语
1828115,印地语
2124586,英语
2124586,法语
2124586,阿尔巴尼亚语
2124586,阿拉伯语
5908478,韩语
1304141,英语
1304141,法语
1301617,英语
1293929,英语
4191644,英语
1308865,韩语
3364223,英语
3364223,法语
1297518,粤语
1794171,英语
1794171,西班牙语
3821067,汉语普通话
3821067,粤语
3821067,日语
1316572,日语
3157605,法语
4206357,英语
1309060,英语
1291580,英语
1291580,日语
1291580,法语
1890572,英语
1890572,罗马尼亚语
1292056,法语
3274505,英语
3274505,手语
1307315,汉语普通话
2027938,粤语
2027938,英语
10484041,日语
1292925,英语
1962116,法语
1962116,英语
1962116,德语
1962116,波斯语
1309016,英语
1309016,爱尔兰盖尔语
3006309,韩语
1307394,日语
1307793,日语
1307793,粤语
1307793,英语
1307793,汉语普通话
1291824,英语
1291824,索马里语
1972729,英语
4319218,英语
4319218,法语
4319218,西班牙语
4319218,德语
1291586,英语
2369845,日语
6880497,日语
1777612,英语
10574468,汉语普通话
10574468,英语
10574468,闽南语
2161696,英语
10537853,汉语普通话
10537853,武汉方言
1294194,闽南语
1294194,汉语普通话
1294194,日语
1294194,上海话
1294194,粤语
1315574,英语
1315574,土耳其语
1315574,希腊语
1315574,汉语普通话
1292484,英语
1292484,捷克语
1292484,乌克兰语
1292484,法语
5323968,英语
5323968,日语
5323968,粤语
5323968,汉语普通话
5323968,俄语
6536180,西班牙语
1759386,英语
1293530,英语
1292348,英语
1298759,英语
1299361,韩语
1309069,英语
1309069,乌尔都语
1309069,汉语普通话
1844413,英语
1292218,葡萄牙语
1292218,德语
1959877,日语
1307739,汉语普通话
1307739,粤语
1291831,意大利语
1296996,英语
6517421,英语
6517421,法语
3743114,韩语
3743114,汉语普通话
10450409,日语
10450409,闽南语
10450409,赛德克语
1783457,英语
10437779,韩语
10437779,汉语普通话
1295646,英语
1295646,世界语
1296217,英语
1296217,西班牙语
7059671,英语
3642843,英语
3642843,克林贡语
1307528,汉语普通话
1307528,河南方言
1292275,德语
1301169,英语
1308779,英语
1308779,日语
1308779,法语
1308779,阿拉伯语
1308779,西班牙语
3552028,英语
3005875,英语
3005875,法语
3005875,藏语
3005875,汉语普通话
3005875,俄语
3005875,印地语
3005875,葡萄牙语
3005875,拉丁语
3005875,意大利语
1292222,英语
1292222,西班牙语
1920805,英语
4847665,英语
1298898,粤语
1793491,英语
1793491,法语
1433360,普通话
1433360,英语
1433360,韩语
1291543,粤语
1291543,汉语普通话
1291543,手语
2076181,英语
2076181,法语
2222996,日语
1418752,英语
1418752,法语
1310177,日语
1300656,英语
1300656,西班牙语
1293088,英语
4873490,汉语普通话
3178770,英语
1432146,英语
1432146,波斯语
1432146,乌尔都语
1432146,阿拉伯语
1305903,英语
1305903,德语
2028666,英语
2028666,葡萄牙语
1303173,汉语普通话
1325958,英语
1325958,葡萄牙语
1305666,英语
1299603,英语
1291936,日语
1291936,英语
1291936,西班牙语
7064681,日语
1299288,粤语
1293749,英语
4914468,英语
1301459,英语
1308820,日语
1298744,英语
10733376,汉语普通话
1300613,英语
1300613,法语
1300613,意大利语
1820156,英语
1292330,汉语普通话
1292330,粤语
1292330,闽南语
4206436,英语
4206436,德语
1298038,英语
1298038,西班牙语
1291565,法语
1291565,葡萄牙语
1306607,英语
6393127,日语
6393127,闽南语
6393127,赛德克语
1291544,英语
1291575,英语
1316580,韩语
1309101,英语
1292523,英语
1292523,西班牙语
1293399,英语
1293399,意大利语
1293399,德语
1863766,英语
1307766,汉语普通话
6879185,英语
1418192,英语
1418192,荷兰语
1301726,英语
1301726,德语
1301726,俄语
3792848,英语
1301445,英语
1301445,西班牙语
2132495,英语
1298128,英语
1309172,英语
1309172,夏威夷语
1309172,汉语普通话
1309172,土耳其语
1756073,汉语普通话
1293203,英语
1300572,汉语普通话
1300572,闽南语
1300572,客家话
11500954,日语
1945330,英语
1769507,法语
6537500,英语
6537500,俄语
6537500,西班牙语
6537500,印度尼西亚语
6537500,粤语
6791750,日语
6791750,法语
6791750,德语
1292055,德语
6057942,韩语
1293764,英语
1293764,苏语
1293764,波尼族语
3094909,英语
4249355,朝鲜语
4304402,葡萄牙语
1291838,日语
1428581,汉语普通话
1294417,粤语
1306505,汉语普通话
1306505,日语
2357162,英语
20388223,粤语
20388223,汉语普通话
1806555,英语
1292225,英语
1308741,汉语普通话
4798707,英语
4798707,法语
3231742,英语
3231742,汉语普通话
3230459,汉语普通话
1300555,英语
1306939,汉语普通话
1306939,英语
1306939,粤语
1301168,汉语普通话
5360889,英语
1293145,英语
1309055,英语
1309055,法语
6538833,英语
10772258,汉语普通话
10772258,粤语
1293351,粤语
1303815,法语
1303246,英语
1303246,斯瓦希里语
1950148,英语
1950148,法语
3275168,英语
3275168,西班牙语
1293323,汉语普通话
1295647,英语
1295647,西班牙语
1295647,德语
4861627,韩语
1300618,英语
4237879,汉语普通话
10576419,英语
1437342,英语
1309199,英语
1309199,西班牙语
1293434,英语
1937502,英语
1937502,达里语
1937502,普什图语
1937502,乌尔都语
1937502,俄语
5308265,汉语普通话
5308265,粤语
1299080,英语
3399559,日语
3550132,韩语
1293527,英语
1857099,英语
1857099,西班牙语
1300056,法语
1300056,英语
1921583,英语
1921583,法语
1921583,盖尔语
1308804,韩语
1291588,德语
1291588,日语
1291588,匈牙利语
1292337,日语
1291842,英语
1297102,英语
1297102,法语
1424334,法语
6097775,英语
6097775,法语
1300616,粤语
1300616,法语
1300616,日语
2063528,四川话
2063528,陕西话
3212221,英语
3233761,英语
1292047,法语
1301106,德语
1301106,英语
1301106,匈牙利语
2124724,汉语普通话
2124724,英语
1433990,英语
1433990,葡萄牙语
1433990,巴西手语
1293013,英语
2051007,英语
1307694,汉语普通话
1307694,粤语
1885124,英语
1308843,英语
1306664,韩语
1306664,英语
1297880,汉语普通话
2044089,英语
2044089,德语
6386345,粤语
6386345,汉语普通话
1293315,粤语
4230918,韩语
1301746,英语
1301746,意大利语
1301746,日语
1295045,英语
1295045,意大利语
3660428,日语
1294183,英语
1307542,英语
1292529,英语
3071441,英语
3071441,韩语
3071441,日语
3071441,法语
3071441,捷克语
4164444,英语
1441238,英语
1441238,汉语普通话
1441238,法语
1297223,粤语
3430271,英语
3430271,索马里语
3430271,法语
3041749,英语
1292048,法语
1292048,波兰语
1292048,罗马尼亚语
1292288,英语
1292267,英语
2146991,英语
2146991,西班牙语
2146991,阿拉伯语
1291584,英语
1291584,汉语普通话
1291584,粤语
1291584,日语
1291584,西班牙语
1308833,韩语
2124703,汉语普通话
2124703,青岛话
2124703,闽南语
2124703,陕西话
2124703,武汉话
2124703,四川话
1421809,汉语普通话
1421809,闽南语
3269068,英语
1329936,粤语
1295873,意大利语
1981242,英语
1981242,西班牙语
1981242,加泰罗尼亚语
1981242,汉语普通话
1300282,英语
1293708,英语
3737102,闽南语
3737102,汉语普通话
1293838,英语
6890730,粤语
6890730,汉语普通话
2982823,日语
19945757,印地语
19945757,英语
1322848,英语
1322848,俄语
1292268,英语
1292268,意大利语
1291868,英语
1291868,粤语
11525673,英语
11525673,法语
11525673,德语
25798222,汉语普通话
25798222,安徽方言
25798222,粤语
25798222,陕西方言
4202982,英语
4202982,冰岛语
4746257,英语
25807345,英语
3804891,汉语普通话
3804891,陕西方言
3804891,甘肃方言
6722879,英语
10485647,英语
10485647,越南语
10485647,法语
21937445,韩语
2209575,英语
2209575,西班牙语
21937452,韩语
25750969,英语
11606328,英语
2133323,英语
24879820,韩语
24741412,日语
6985803,英语
4116480,英语
4116480,索马里语
6803494,英语
6803494,意大利语
6803494,德语
6803494,法语
6803494,西班牙语
6803494,日语
10571509,日语
1292553,英语
1292553,德语
1292553,阿拉伯语
1292553,法语
1292326,法语
1433577,英语
1292371,日语
6776051,英语
1920796,英语
25745651,法语
1291839,英语
1291839,德语
1291839,粤语
1291839,日语
1291839,匈牙利语
25858604,法语
1292229,英语
1292229,纳瓦霍语
1292229,日语
5318669,汉语普通话
5318669,藏语
2969282,英语
2969282,西班牙语
3023164,英语
1294362,英语
4066125,西班牙语
1892578,日语
1892578,芬兰语
6080840,韩语
1297995,英语
1297995,法语
3397503,北印度语
1295686,英语
1295686,西班牙语
1309078,英语
1300055,英语
1300055,越南语
1307856,汉语普通话
1296528,英语
3626372,英语
3036460,韩语
1307697,英语
1307697,匈牙利语
6010171,日语
1292289,粤语
1292289,日语
1292260,英语
1292260,法语
1292260,高棉语
1292260,越南语
3077668,粤语
1850963,日语
3707070,法语
1304056,德语
1297862,粤语
1297862,汉语普通话
1297862,英语
1298909,英语
1298909,德语
1298909,意大利语
1298909,汉语普通话
1298909,西班牙语
1450031,玛雅语
1304972,韩语
19955828,法语
19955828,德语
1296987,英语
1296987,德语
1299193,英语
1299193,法语
4913185,英语
1293818,英语
1293818,英国手语
1293818,毛利语
1340517,法语
1309071,英语
1309071,阿拉伯语
1309071,拉丁语
1309071,意大利语
3586725,韩语
1292895,英语
1292895,粤语
1292895,日语
2361826,日语
1306914,英语
1301025,俄语
2033187,英语
21098725,哈萨克语
21098725,俄语
1300375,法语
1306019,孟加拉语
1306850,捷克语
1298944,闽南语
1298944,日语
1776964,日语
1303388,无对白
1307898,汉语普通话
1299067,法语
1299067,罗马尼亚语
1300842,日语
1300352,英语
4730796,英语
1466403,法语
5153875,德语
5153875,土耳其语
1417545,日语
1293306,德语
1293306,英语
1293306,荷兰语
1294139,汉语普通话
1294139,粤语
1432669,西班牙语
1432669,英语
5446283,法语
1294477,英语
1300827,土耳其语
1300955,意大利语
1300955,法语
1300955,拉丁语
1299330,英语
1299330,西班牙语
5401681,英语
5401681,粤语
1305323,英语
1305323,法语
1437023,德语
1298026,英语
1305337,法语
1304204,英语
1292597,英语
1299433,法语
1298455,英语
1424618,日语
1302082,日语
1302082,英语
1298024,英语
1297767,汉语普通话
1308607,汉语普通话
19955955,西班牙语
1294605,英语
1294605,德语
1840265,日语
1296043,英语
3228134,英语
3228134,德语
1299885,法语
1299885,意大利语
1296762,英语
1401895,芬兰语
1432631,德语
20326557,法语
1757925,捷克语
3136240,英语
1293876,英语
1293876,葡萄牙语
1293876,德语
1307971,汉语普通话
1303471,波斯语
1303463,法语
1306848,捷克语
1306848,俄语
1300817,波斯语
1300034,俄语
1292536,英语
1899630,英语
1296659,英语
1437410,德语
1437410,法语
1437410,英语
1296338,法语
2983255,波兰语
1301725,英语
1301725,法语
1298317,英语
2269338,意大利语
1300347,英语
1300347,德语
1292996,英语
1303287,英语
1303287,阿拉伯语
1303287,意大利语
1296872,日语
1464535,国语
1469105,英语
1422186,Belarusian
1422186,俄语
1422186,德语
1303521,波斯语
1300522,法语
1300522,瑞典语
1300522,英语
1297200,英语
1422914,英语
1298561,日语
1298561,汉语普通话
1292681,英语
1306830,汉语普通话
1294580,日语
1475239,捷克语
1779498,英语
1467097,汉语普通话
1478398,丹麦语
1299026,法语
10455077,英语
1299830,英语
1295268,德语
3597344,英语
1962160,俄语
1303637,汉语普通话
1303571,意大利语
1303571,英语
1303526,法语
1292890,英语
1292890,德语
1292890,意大利语
1296235,英语
1303357,英语
1297546,英语
1297546,西班牙语
1297546,德语
1297546,法语
25757182,汉语普通话
1303065,日语
1401522,日语
3095492,日语
1401520,日语
1293266,英语
1298497,英语
1298497,西班牙语
1297622,波兰语
1303554,英语
3212291,西班牙语
1301594,英语
1421309,法语
1299042,汉语普通话
1305607,汉语普通话
1439859,德语
1439859,英语
1394495,中文
1293037,英语
1308510,英语
1897967,捷克语
1294297,英语
1866433,法语
1299775,意大利语
1868933,法语
1439463,法语
1439463,英语
1439463,挪威语
1439463,德语
1439463,瑞典语
1439463,丹麦语
1292684,英语
1294418,英语
1401368,德语
1297109,英语
1304405,日语
3683594,日语
1299176,英语
1306559,孟加拉语
1306559,英语
1858233,日语
1858233,汉语普通话
1307320,汉语普通话
1400649,俄语
1299608,英语
1299608,意大利语
1294746,英语
1294746,意大利语
1294746,俄语
1294746,西班牙语
1294746,德语
1293190,英语
1292768,英语
1904606,俄语
1303558,意大利语
1308097,萨米语
1308097,俄语
1308097,德语
1308097,芬兰语
1295720,孟加拉语
1298710,汉语普通话
1298710,意大利语
1302815,意大利语
1302815,英语
1302815,法语
1304596,俄语
1304596,塔吉克语
1302167,意大利语
1304749,芬兰语
1307745,波斯语
1294704,英语
1294287,日语
1298704,日语
1303573,日语
1864784,英语
1294627,英语
1293219,英语
1945628,英语
5969484,英语
1308972,英语
4719384,汉语普通话
1298778,英语
1294754,英语
1295211,英语
1295785,法语
1293614,英语
6037981,韩语
1296852,英语
1296674,波兰语
1293412,英语
1305032,英语
1919626,北印度语
1303600,日语
3445575,波斯语
1302338,英语
1302338,美国手语
1301013,英语
1303877,Icelandic
1303877,法语
1306027,英语
1306027,德语
1293525,英语
1293525,意大利语
1302272,波兰语
1308436,韩语
2000736,普通话
1483878,汉语普通话
3008143,法语
3072172,英语
3072172,希伯来语
1293776,法语
1301122,法语
1296116,英语
1296116,德语
1479945,英语
1303566,丹麦语
5324771,法语
1298863,德语
1298863,阿拉伯语
1296161,汉语普通话
2082264,斯洛伐克语
3418199,捷克语
1303638,粤语
1300520,英语
1292885,英语
1292885,法语
1292885,意大利语
1299125,日语
1419052,汉语普通话
1295134,英语
1303740,英语
1303740,希伯来语
1293608,英语
1293608,法语
1296369,捷克语
1296369,拉丁语
6855109,英语
1401347,日语
1769033,英语
1758439,英语
1758439,法语
1477924,英语
1477924,日语
1295759,希腊语
3004512,日语
1303041,意大利语
1303041,英语
1303041,希腊语
1303041,土耳其语
2001296,英语
2001296,俄罗斯语
2001296,德语
2001296,希腊语
2268267,爱沙尼亚语
1307038,日语
1302814,无对白
1416907,波兰语
1466243,意大利语
1770980,英语
1293624,英语
1473840,日语
4603499,英语
1299446,英语
1437409,德语
1437409,罗马尼亚语
1437409,英语
1416877,瑞典语
1416877,英语
1416877,意大利语
1303553,英语
1304953,英语
1768214,英语
1441039,日语
1441039,汉语普通话
1441039,俄语
1297226,英语
1486017,捷克语
4036518,英语
1293153,德语
1293153,英语
1293153,法语
1301500,英语
1477717,西班牙语
1306426,英语
2052298,斯洛伐克语
1326538,意大利语
10581620,荷兰语
1298271,无对白
1465471,瑞典语
1754812,日语
1296976,法语
1303602,日语
2053339,英语
2053339,西班牙语
1292830,斯洛伐克语
1292830,德语
1294516,英语
1303087,法语
1297589,日语
1303710,日语
1296482,荷兰语
1296344,英语
1304258,英语
1304258,法语
1297601,英语
1421742,英语
1302917,日语
6839118,日语
1293240,英语
2121871,日语
1303174,波兰语
1295897,英语
1295897,法语
1295897,意大利语
1295897,日语
1295897,德语
1293428,意大利语
3326930,土耳其语
3326930,格鲁吉亚语
3326930,Armenian
1818751,北印度语
1306121,粤语
1301923,英语
1419984,法语
1298312,德语
1293109,波兰语
1293109,英语
1293157,英语
5299155,英语
1303077,日语
1293321,意大利语
1303598,日语
1303186,意大利语
1299136,意大利语
2063530,英语
2063530,罗马尼亚语
2063530,西班牙语
2063530,意大利语
1929444,法语
1303080,捷克语
1438081,乌尔都语
1438081,北印度语
1438081,Punjabi
1892333,日语
1432637,法语
1432637,德语
1432637,英语
1295320,法语
1303289,英语
2062564,日语
1297201,法语
1297201,意大利语
1304254,英语
1304254,德语
1304254,法语
1297441,英语
1304870,俄语
1296936,俄语
1292851,英语
1304558,英语
1292565,英语
6799133,英语
6799133,Icelandic
1298487,日语
1308278,日语
1300614,英语
1440106,Ukrainian
1301130,日语
1303362,英语
1438733,English
1298182,俄语
1297440,英语
1308311,日语
1308721,英语
1308721,俄语
1438068,法语
1293835,英语
1293835,意大利语
1293835,法语
2380440,粤语
1947699,英语
1303609,日语
4176665,日语
1807990,日语
1807990,德语
1294022,日语
1292671,英语
1299629,粤语
2239222,英语
1302347,波斯语
1302347,库尔德语
1758645,英语
6129661,英语
3722566,日语
1926106,英语
1926106,西班牙语
3390253,法语
1293745,日语
10455078,英语
1297476,英语
3292168,土耳其语
1309001,英语
3336237,英语
1299257,意大利语
1299257,英语
1299257,德语
1299257,西西里语
2150083,英语
1420116,丹麦语
1303512,英语
1299122,英语
1460443,英语
1306266,意大利语
4845397,汉语普通话
1306418,捷克语
1422055,匈牙利语
1901771,罗马尼亚语
1302119,意大利语
1302321,英语
1302321,法语
1302321,德语
2079735,汉语普通话
1305533,俄语
1304711,日语
1293529,英语
1980405,英语
1303687,英语
1296067,英语
1421676,汉语普通话
1309002,英语
1401244,法语
1300957,瑞典语
6788731,英语
1475649,西班牙语
1305567,日语
3286099,英语
1297024,无对白
1306388,英语
3080904,英语
1305896,丹麦语
1306847,捷克语
1469497,英语
1301428,英语
1452560,法语
1394410,法语
1440382,西班牙语
1298340,英语
1299144,英语
1303033,意大利语
1303033,西西里语
1303033,西班牙语
3002616,英语
1302567,波兰语
1302567,Tatar
1302567,Ukrainian
1302567,土耳其语
1295401,日语
1303042,Icelandic
1303042,英语
1449406,英语
1303089,意大利语
1293620,英语
1299677,英语
1299677,西班牙语
1299677,德语
1298485,英语
2224967,汉语普通话
1299245,英语
1422299,英语
1308628,法语
1308628,土耳其语
1307601,西班牙语
1778678,汉语普通话
1437013,意大利语
1293893,英语
1304178,粤语
1294609,英语
2050557,西班牙语
1303064,英语
1303064,匈牙利语
1303064,德语
1301217,法语
2974293,波斯语
1295786,英语
1298415,英语
2150085,英语
1441038,日语
1441038,汉语普通话
1437432,日语
3279628,英语
1298619,无对白
2082176,日语
1298754,日语
3153894,罗马尼亚语
1303043,捷克语
1850003,英语
1292968,英语
1471410,捷克语
1470093,德语
1862913,English
1294998,英语
1440613,孟加拉语
1292210,英语
1303377,芬兰语
1292894,英语
1306016,德语
1292872,英语
1421739,英语
1304763,英语
1295778,英语
1293104,英语
1294378,日语
1353734,瑞典语
3769466,英语
1303023,德语
1303023,英语
1303023,西班牙语
1929726,英语
1294681,俄语
1301304,法语
1469239,法语
3989609,英语
1302463,英语
3743156,英语
1440954,汉语普通话
1506770,英语
1292853,瑞典语
1303495,俄语
1308708,英语
2038228,法语
1465938,日语
1305213,英语
1305213,俄语
4176666,日语
3240529,俄语
3240529,哈萨克语
3240529,希伯来语
1421737,英语
1295538,英语
1302766,日语
1766068,北印度语
1295740,法语
2216828,四川方言
1417050,English
1470383,英语
1304591,意大利语
1305620,波斯语
1401521,日语
1300510,日语
1421741,English
1421741,英文
1303337,格鲁吉亚语
1303337,阿塞拜疆语
2059318,法语
3195098,English
1867888,无对白
3922263,日语
1459515,日语
1308461,韩语
1293623,英语
1925081,英语
1306987,English
1294793,英语
1294005,英语
1424219,日语
1299337,日语
1294191,韩语
1300980,英语
1404702,日语
4074143,普通话
4074143,国语
1295053,英语
1295053,德语
1295053,俄语
1789047,English英语
24380773,英语
1448827,日语
1293094,英语
1302993,意大利语
1302993,英语
1300959,法语
1848300,法语
1297274,英语
1297274,美国手语
1547189,日语
25717233,汉语普通话
25717233,粤语
25717233,云南方言
25805741,汉语普通话
25805741,手语
25805741,粤语
24745500,汉语普通话
24745500,蒙古语
21941804,汉语普通话
24743711,汉语普通话
6973376,汉语普通话
24879858,汉语普通话
24879858,克里奥尔语
24879858,英语
24879858,日语
24879858,上海话
21352814,汉语普通话
24843198,汉语普通话
24843198,英语
20020577,汉语普通话
10605978,汉语普通话
11510624,汉语普通话
10545939,汉语普通话
10545939,粤语
10545939,上海话
10545939,武汉话
10545939,四川话
10545939,俄语
10545939,日语
20376577,汉语普通话
6011806,汉语普通话
24847340,汉语普通话
24847340,英语
6799191,汉语普通话
4212172,英语
4212172,汉语普通话
4212172,粤语
4212172,法语
4212172,西班牙语
20513059,汉语普通话
10726941,汉语普通话
10726941,粤语
24736566,汉语普通话
24736566,英语
20515070,汉语普通话
24751754,汉语普通话
10763164,汉语普通话
10763164,粤语
10763164,泰语
10763164,英语
3596502,汉语普通话
3596502,唐山话
5996801,汉语普通话
1291550,汉语普通话
10344754,汉语普通话
10344754,粤语
6872273,粤语
6872273,汉语普通话
24721493,汉语普通话
1859036,汉语普通话
1859036,粤语
6730004,汉语普通话
4724739,粤语
4724739,汉语普通话
25755645,汉语普通话
25755645,英语
25755645,韩语
25755645,山东方言
25755645,意大利语
5422105,粤语
5422105,汉语普通话
1297747,粤语
1297747,普通话
3313801,汉语普通话
3313801,日语
11625097,汉语普通话
11625097,粤语
11625097,英语
11625097,葡萄牙语
11625097,泰语
11625097,韩语
11625097,日语
1961963,英语
1961963,汉语普通话
1961963,粤语
25713408,汉语普通话
25713408,英语
25713408,粤语
25713408,上海话
1297863,粤语
19973815,汉语普通话
2135981,汉语普通话
3412882,粤语
3412882,汉语普通话
10833923,汉语普通话
6011805,河南方言
6011805,英语
6011805,日语
6011805,汉语普通话
4271894,汉语普通话
6829652,闽南语
6829652,汉语普通话
1302090,粤语
6041191,汉语普通话
6041191,粤语
3041806,粤语
3041806,汉语普通话
3041806,日语
4151110,汉语普通话
3626416,汉语普通话
3626416,粤语
3626416,英语
4896304,汉语普通话
5319835,汉语普通话
4218768,汉语普通话
1291555,粤语
1291555,汉语普通话
1291555,日语
3158990,汉语普通话
3158990,闽南语
3158990,日语
3158990,英语
1306160,英语
1306160,汉语普通话
1306160,粤语
5317291,汉语普通话
5317291,粤语
4176542,汉语普通话
4176542,四川话
25777330,汉语普通话
1433736,粤语
6080775,汉语普通话
6080775,东北话
11614603,汉语普通话
20266753,汉语普通话
22715021,粤语
4709904,粤语
1418070,汉语普通话
1418070,粤语
1418070,英语
1300498,粤语
1300498,汉语普通话
1300498,英语
4059245,汉语普通话
1306123,汉语普通话
10833924,汉语普通话
1329562,粤语
1329562,英语
1428602,粤语
1890784,粤语
1890784,英语
1890784,泰语
1890784,汉语普通话
1309220,汉语普通话
1309220,粤语
4066206,汉语普通话
4066206,粤语
4066206,上海话
4066206,英语
3412830,汉语普通话
3412830,粤语
20513061,汉语普通话
1499148,英语
1299661,汉语普通话
16475702,汉语普通话
16475702,英语
1304624,粤语
24735062,汉语普通话
20444530,汉语普通话
10604486,汉语普通话
10604486,粤语
10604486,英语
20388198,汉语普通话
20388198,粤语
1907464,汉语普通话
10438426,汉语普通话
6878446,汉语普通话
1299680,粤语
1766086,汉语普通话
1766086,温州话
1766086,俄语
1766086,维吾尔语
25753166,汉语普通话
1305355,粤语
1307323,粤语
2294568,汉语普通话
2294568,日语
2294568,英语
2294568,德语
1308078,汉语普通话
1308078,俄语
1308078,日语
3578981,粤语
3578981,汉语普通话
3578981,英语
4718369,汉语普通话
4718369,陕西话
3532614,粤语
3532614,汉语普通话
1306951,粤语
1307023,英语
1307023,汉语普通话
1307023,粤语
1307023,韩语
4913200,汉语普通话
4913200,粤语
4728584,汉语普通话
4728584,粤语
3543690,汉语普通话
3543690,英语
3543690,粤语
1304022,汉语普通话
1304022,英语
1305265,粤语
1298644,粤语
3820191,汉语普通话
3820191,英语
1303451,上海话
1303451,粤语
4896263,汉语普通话
1299765,粤语
1299765,福建话
4004731,汉语普通话
1473074,汉语普通话
1473074,粤语
1484760,汉语普通话
1484760,粤语
4843637,汉语普通话
5993185,汉语普通话
1499008,汉语普通话
1299643,汉语普通话
1307014,汉语普通话
1307014,英语
1949812,英语
1949812,日语
1949812,汉语普通话
1298112,粤语
3732780,汉语普通话
20443013,粤语
20443013,汉语普通话
1927686,汉语普通话
1300883,粤语
1300064,粤语
10807916,汉语普通话
10807916,粤语
4009651,中文
4009651,日语
1308722,汉语普通话
4133814,粤语
4133814,汉语普通话
1408312,汉语普通话
1308747,汉语普通话
4942776,汉语普通话
4942776,粤语
4942776,四川话
1300566,粤语
3240208,汉语普通话
1419969,汉语普通话
1790577,粤语
11627068,汉语普通话
1308799,汉语普通话
6782006,汉语普通话
20515977,汉语普通话
20515977,粤语
1303203,粤语
1303203,日语
24736526,汉语普通话
24736526,粤语
1296436,汉语普通话
1301283,粤语
6991110,粤语
6991110,汉语普通话
5244092,汉语普通话
5244092,闽南语 Hokkien
1296201,粤语
1465829,汉语普通话
1418605,汉语普通话
3683409,汉语普通话
1947089,汉语普通话
4822848,汉语普通话
11501396,汉语普通话
11501396,四川话
11501396,缅甸语
1306317,粤语
1306317,普通话
2359431,粤语
2359431,汉语普通话
1294963,晋语
1294963,汉语普通话
1394324,粤语
25785314,汉语普通话
1300303,英语
1300303,粤语
1300303,荷兰语
2209368,汉语普通话
2209368,日语
2209368,粤语
2209368,英语
2209368,闽南语
2209368,福建话
1299745,粤语
4133988,粤语
4133988,汉语普通话
3813779,汉语普通话
1302977,粤语
1302977,英语
1302977,汉语普通话
1302977,法语
3546019,汉语普通话
1296629,粤语
1297763,粤语
1308587,汉语普通话
1308587,粤语
1308587,波兰语
1308252,粤语
1293265,粤语
4097023,汉语普通话
5290729,汉语普通话
5290729,粤语
3754946,汉语普通话
3754946,粤语
4906427,汉语普通话
4154669,汉语普通话
1294561,粤语
1307762,英语
1307762,粤语
5996800,汉语普通话
1298443,粤语
1298443,英语
10604893,汉语普通话
10604893,粤语
10604892,汉语普通话
10763157,汉语普通话
10763157,粤语
1950525,汉语普通话
1950525,粤语
25831326,汉语普通话
25831326,粤语
3013580,粤语
3013580,汉语普通话
4707230,汉语普通话
7155083,汉语普通话
1439890,粤语
1439890,汉语普通话
1914831,汉语普通话
20378811,汉语普通话
3670447,粤语
3670447,汉语普通话
3312344,粤语
3312344,汉语普通话
1297909,粤语
6527269,汉语普通话
1949811,汉语普通话
3230462,汉语普通话
3230462,韩语
3230462,乌兹别克语
1309004,汉语普通话
1309004,晋语
1295374,粤语
6124012,汉语普通话
6124012,粤语
1297304,粤语
1301912,粤语
1301912,英语
1301912,日语
1853160,英语
1853160,汉语普通话
1853160,粤语
1853160,泰语
2132220,汉语普通话
1292450,粤语
3928370,汉语普通话
3928370,粤语
3291930,汉语普通话
6984064,汉语普通话
6984064,英语
1304677,粤语
2044102,粤语
2044102,汉语普通话
2044102,英语
2044102,越南语
1303376,粤语
3279107,汉语普通话
3279107,娄凡语
3036997,晋语
3036997,汉语普通话
1394968,汉语普通话
3711760,汉语普通话
3711760,粤语
1299059,粤语
3217122,汉语普通话
3217122,闽南语
3732800,汉语普通话
3732800,蚌埠话
1308290,粤语
1308290,英语
1308290,马来语
25792690,汉语普通话
25792690,粤语
4842877,汉语普通话
1301198,汉语普通话
1296769,中文
1296769,法语
10540066,汉语普通话
10540066,粤语
25778488,汉语普通话
1293475,粤语
1292704,粤语
1294007,汉语普通话
1400868,粤语
1300359,粤语
1300359,英语
1300359,北印度语
5194471,汉语普通话
1303184,粤语
1300108,陕西话
1300108,汉语普通话
1872133,四川话
1872133,晋语
1294927,粤语
1296519,粤语
1293414,粤语
1293414,汉语普通话
1293414,上海话
2277018,汉语普通话
2277018,粤语
6869395,汉语普通话
6869395,粤语
1293422,粤语
1304708,汉语普通话
4202204,汉语普通话
1308655,粤语
3155477,汉语普通话
4942778,汉语普通话
4942778,粤语
1400665,粤语
23163938,汉语普通话
1293607,粤语
1293607,英语
1303590,英语
1303590,汉语普通话
1303590,粤语
1308111,粤语
1295485,粤语
1302678,粤语
1292950,粤语
1303630,粤语
1303630,普通话
1298040,粤语
1292506,粤语
1292506,汉语普通话
1292506,英语
1292506,法语
1302109,粤语
10573695,汉语普通话
3126196,汉语普通话
1306692,粤语
4917698,汉语普通话
1296253,汉语普通话
25703430,粤语
1308811,粤语
1307690,汉语普通话
5908477,汉语普通话
5908477,粤语
4812830,汉语普通话
1305224,贵州话
1305197,粤语
1307740,粤语
3777800,粤语
3777800,汉语普通话
4135434,英语
4135434,汉语普通话
4135434,韩语
5044737,汉语普通话
5044737,上海话
5977836,汉语普通话
5977836,粤语
1299436,汉语普通话
1299436,闽南语
1295064,粤语
1307372,粤语
1307372,汉语普通话
4135710,汉语普通话
2222995,汉语普通话
2070367,粤语
1296334,汉语普通话
6721670,汉语普通话
6721670,陕西方言
1867408,粤语
5285669,粤语
1401962,粤语
1296011,粤语
1296011,英语
1293765,粤语
1297068,粤语
6872244,汉语普通话
2994851,汉语普通话
4845414,汉语普通话
1298252,粤语
1298252,普通话
1298252,英语
1298252,台语
1292962,粤语
1292962,汉语普通话
1292962,英语
3264045,汉语普通话
1469441,汉语普通话
19967839,汉语普通话
19967839,英语
4858775,汉语普通话
1291850,汉语普通话
1291850,晋语
1297291,粤语
1297291,普通话
4111416,汉语普通话
1296837,粤语
10831449,汉语普通话
1853621,汉语普通话
1302434,粤语
1478926,粤语
3718447,汉语普通话
3718447,英语
21354060,粤语
1295469,粤语
1308827,粤语
2080133,汉语普通话
2080133,粤语
1366853,普通话
1366853,粤语
1308858,粤语
1296978,粤语
1401205,汉语普通话
1308338,汉语普通话
1308338,粤语
1891179,汉语普通话
1891179,北京话
1891179,日语
1393479,粤语
1393479,韩语
1393479,汉语普通话
1393479,英语
1393479,日语
1305114,粤语
10467774,陕西话
10467774,汉语普通话
10467774,英语
3212120,汉语普通话
4946963,晋语
3033864,汉语普通话
4821046,汉语普通话
4821046,粤语
6796158,汉语普通话
1306870,汉语普通话
1306870,英语
1306870,意大利语
1302455,汉语普通话
1304648,粤语
1304648,汉语普通话
1304648,英语
1306541,粤语
1306541,英语
1306541,汉语普通话
1306541,日语
1306541,闽南语
10604087,汉语普通话
10604087,粤语
10600271,汉语普通话
10600271,粤语
1468155,粤语
1299624,普通话
11443316,汉语普通话
11443316,粤语
25728590,汉语普通话
25728590,粤语
6225992,汉语普通话
3344570,汉语普通话
1300894,汉语普通话
3642866,粤语
24404677,英语
24404677,韩语
24404677,法语
24404677,汉语普通话
7065154,英语
7065154,萨卡语
20438962,英语
24815950,英语
24815950,法语
24815950,拉丁语
6390823,英语
6390823,法语
7046723,英语
7046723,美国手语
7054604,英语
7054604,汉语普通话
7054604,粤语
2997076,英语
2997076,法语
4807924,英语
4824512,英语
3025447,英语
3025447,德语
3025447,阿拉伯语
3592853,英语
6874456,英语
4301224,英语
6082518,英语
6560058,英语
6424814,英语
2063914,英语
2063914,日语
2132473,英语
2132473,西班牙语
2132473,希伯来语
2132473,阿拉伯语
3143676,英语
3143676,日语
3771562,英语
3771562,苏格兰盖尔语
2138838,英语
2138838,挪威语
2138838,法语
3642835,英语
3066739,英语
3066739,法语
3066739,俄语
5323957,英语
10598440,英语
10598440,德语
1401533,英语
1401533,粤语
1401533,德语
1401533,意大利语
1401533,普通话
3148748,英语
1298525,英语
2268359,英语
3227410,英语
2129132,英语
1484091,英语
3217149,英语
3217149,日语
3895511,英语
22733673,英语
3610047,英语
3610047,西班牙语
3610047,俄语
3610047,荷兰语
2336785,英语
1433330,英语
1835843,英语
1835843,意大利语
1835843,希伯来语
1835843,匈奴语
1835843,阿拉伯语
2363876,英语
11443314,英语
11443314,葡萄牙语
1457217,英语
11610281,英语
2998270,英语
2998270,法语
4924142,英语
3804629,英语
3804629,拉丁语
1302987,英语
1302987,日语
1302987,法语
1302987,汉语普通话
1304899,英语
10450713,英语
10450713,法语
10450713,意大利语
1295250,英语
1895120,英语
1866471,英语
5155038,挪威语
5155038,丹麦语
5155038,俄语
5155038,英语
10810745,英语
10810745,汉语普通话
1767042,西班牙语
1781126,英语
4845728,英语
4845728,希伯来语
6887029,英语
2049435,英语
1305724,英语
1305724,德语
1305724,意大利语
1305724,西班牙语
1401524,英语
1306612,英语
2028677,英语
1300300,英语
1300300,法语
1792928,英语
1305065,英语
3592859,英语
10549480,英语
4051753,英语
1308755,英语
3718424,英语
3718424,日语
1306809,英语
6827727,英语
6827727,拉丁语
6827727,德语
1297570,英语
1297570,瑞典语
10546747,英语
10746175,英语
1305333,英语
1295280,英语
3078609,英语
1291835,英语
1291835,日语
1291835,德语
1291835,法语
6731985,法语
1297018,英语
2132930,英语
1301578,英语
1301578,意大利语
1301578,粤语
1304585,英语
2037012,英语
3077791,英语
3718269,英语
3718269,汉语普通话
24698878,英语
1293531,英语
1293531,瑞典语
1293531,德语
3179706,英语
3179706,法语
3179706,汉语普通话
6873657,英语
6873657,阿拉伯语
3041269,英语
3011997,英语
1291577,英语
1291577,西班牙语
1291577,法语
1308752,英语
1297689,英语
1297689,瑞典语
2213591,英语
1793903,英语
1300868,英语
1300868,西班牙语
6040982,英语
6040982,尼泊尔语
6040982,汉语普通话
6040982,桑族语
6040982,阿尔巴尼亚语
3077742,英语
1307442,英语
1307442,西班牙语
4817901,英语
1309021,英语
1309021,菲律宾语
1309021,塔加路族语
1291836,英语
3606971,英语
1329950,英语
1329950,法语
1329950,拉丁语
1329950,西班牙语
1945336,英语
2132932,英语
3148027,英语
1309201,英语
1309201,葡萄牙语
1309201,西班牙语
1309201,德语
1309201,法语
3654340,英语
3654340,泰语
25867546,法语
6021916,英语
1291581,英语
1308570,英语
3036473,英语
3578925,英语
1292271,英语
3819877,英语
3001077,英语
3001077,俄语
3001077,他加禄语
1652618,英语
1308974,英语
6753166,英语
20257326,英语
1866475,英语
1866475,葡萄牙语
1866475,西班牙语
1307332,英语
3338851,英语
3338851,法语
3338851,俄语
3338851,匈牙利语
3338851,土耳其语
1410556,英语
1410556,意大利语
1296778,英语
2257732,英语
2257732,阿拉伯语
2257732,法语
1294833,英语
21334420,英语
10766459,英语
10766459,法语
1949312,英语
1949312,日语
3101548,英语
3101548,西班牙语
10792650,英语
3279080,英语
3279080,西班牙语
1498831,英语
10763928,英语
4116481,英语
4116481,法语
4116481,西班牙语
4116481,南非语
4136036,英语
4136036,韩语
4136036,汉语普通话
5502697,韩语
5502697,汉语普通话
5502697,粤语
5502697,日语
5502697,英语
6844868,韩语
25766529,韩语
25700838,韩语
6900092,韩语
1763134,英语
1763134,韩语
20388224,韩语
1412579,韩语
1412579,英语
1412579,日语
2037796,韩语
10877413,韩语
1306526,韩语
1305279,韩语
1827713,韩语
3805946,韩语
10487226,韩语
10432911,韩语
10432911,英语
10432911,印度尼西亚语
5374383,韩语
24839498,韩语
10491641,韩语
6886518,韩语
24695966,韩语
5353344,韩语
21937438,韩语
5919538,韩语
25762566,韩语
3992381,韩语
6869412,韩语
1304026,韩国手语
1304026,韩语
1466394,韩语
25780578,韩语
10508876,韩语
6539385,韩语
1433556,英语
1433556,韩语
24722875,韩语
1308047,韩语
25717896,韩语
10439235,韩语
1390020,韩语
5924362,韩语
3033085,韩语
1306471,韩语
5364952,韩语
1308854,韩语
10563780,韩语
1853770,韩语
1459368,韩国手语
1459368,韩语
1915180,韩语
5968834,韩语
2999500,韩语
6905169,韩语
1970437,韩语
20279443,韩语
1763132,韩语
2054070,韩语
3212965,韩语
23712691,韩语
3077680,韩语
1299582,韩语
2067450,韩语
6839145,韩语
10563779,韩语
25762254,韩语
1390021,韩语
1390021,英语
20399278,韩语
4817018,韩语
1305530,韩语
1305530,英语
24529254,无对白
1394424,韩语
1303145,韩语
4328443,韩语
5501711,韩语
1325399,韩语
1389982,韩语
6900094,韩语
4901684,韩语
11525705,韩语
1940880,韩语
24839091,韩语
2063867,韩语
24879816,韩语
3150346,韩语
3600972,韩语
3736691,韩语
10733357,韩语
3574495,韩语
3574495,日语
1394268,韩语
1307941,韩语
1306663,韩语
10441571,韩语
1850797,韩语
10508878,韩语
4851900,韩语
5250349,韩语
24879819,韩语
24879819,汉语普通话
4313109,韩语
4313109,日语
4313109,俄语
4313109,德语
4313109,汉语普通话
4313109,英语
1308499,韩语
3319776,韩语
3263169,韩语
6080756,韩语
1940094,韩语
5279640,韩语
5387021,韩语
5985888,韩语
1431755,韩语
3603547,韩语
1310170,韩语
20451307,韩语
3401409,汉语普通话
3401409,英语
3401409,韩语
2364074,英语
2364074,日语
2364074,韩语
24756658,韩语
1428421,韩语
6041221,韩语
1395231,韩语
1308829,韩语
3406467,韩语
1461124,韩语
3176525,韩语
21937434,韩语
5919334,韩语
2298282,韩语
1422089,韩语
11523504,韩语
1307545,韩语
4817024,韩语
3025450,韩语
10566662,韩语
4300640,韩语
23712401,韩语
1466910,韩语
24499012,韩语
19899663,韩语
6710798,韩语
4861408,韩语
5294326,韩语
25736455,韩语
24307625,韩语
24743015,韩语
5919548,韩语
5919548,满族语
11594901,韩语
25710797,韩语
25710797,汉语普通话
25710797,日语
21937442,韩语
5908473,韩语
1308596,韩语
1428344,韩语
3158429,韩语
1389971,韩语
1296569,韩语
1427789,韩语
6829665,韩语
6965615,韩语
20273800,韩语
23712558,韩语
6514083,英语
6514083,韩语
6905170,韩语
1972775,韩语
2041876,汉语普通话
2041876,日语
2041876,韩语
2055699,韩语
1306470,韩语
6383567,韩语
3074676,韩语
2137060,韩语
2422588,日语
2422588,韩语
3126138,韩语
1389937,韩语
3230195,韩语
1316698,韩语
1401383,韩语
1401383,俄语
5912977,韩语
4238950,韩语
1436679,韩语
1870118,韩语
1870118,粤语
1870118,法语
6557030,韩语
1299878,韩语
1299878,粤语
1299878,汉语普通话
10449606,韩语
4193254,韩语
1302165,韩语
1853752,韩语
3026005,韩语
19963931,韩语
10810269,韩语
1308802,韩语
1306020,韩语
1417753,韩语
1417753,汉语普通话
10604227,韩语
25786057,韩语
1306544,韩语
1466907,韩语
25780574,韩语
1850521,韩语
20452442,韩语
1308813,韩语
4861402,韩语
6886490,韩语
2328749,韩语
1307146,韩语
6080755,韩语
6080755,英语
2970163,韩语
3119246,韩语
25747029,韩语
1300186,韩语
5032144,韩语
5407055,韩语
2160439,韩语
4282653,韩语
2153579,韩语
1390022,韩语
1401137,韩语
1308524,韩语
11598815,韩语
1305561,韩语
4129619,韩语
1401523,韩语
1308491,韩语
3010828,韩语
4300641,韩语
5285675,韩语
5282434,韩语
10851241,韩语
1389980,韩语
2229243,韩语
3711718,韩语
10748092,韩语
20284848,韩语
6717601,韩语
6717601,法语
6717601,英语
25823125,韩语
21371664,韩语
1394520,韩语
5992865,韩语
2159676,韩语
1401587,韩语
1308077,韩语
1299408,韩语
1307819,韩语
4707534,韩语
20507022,韩语
1308206,韩语
1297773,韩语
5395262,韩语
3318473,韩语
25835479,韩语
1308101,韩语
3992380,韩语
5985887,韩语
24855035,韩语
6126453,韩语
10558411,韩语
19899626,韩语
6038071,韩语
25769243,韩语
3001142,韩语
2185187,越南语
2185187,韩语
4195568,韩语
4902937,韩语
5366672,韩语
10531178,韩语
25717826,韩语
10594927,韩语
1456415,韩语
3077673,韩语
1470328,韩语
1470328,英语
10535447,韩语
10535447,英语
11601820,韩语
10833957,韩语
10833957,日语
3319775,韩语
1303252,韩语
6041220,韩语
3033092,韩语
20445144,韩语
20427090,韩语
1308050,韩语
1870801,韩语
1307289,韩语
1415573,韩语
2978211,韩语
1416061,韩语
4133251,韩语
21937449,韩语
3060325,韩语
2229550,韩语
4323600,韩语
1307840,韩语
2274074,韩语
24878180,韩语
24709327,韩语
2245683,韩语
1388170,韩语
1951014,韩语
10455649,韩语
6094945,韩语
1395455,韩语
3992384,韩语
6126506,韩语
4091548,韩语
1763628,韩语
1870804,韩语
4291261,韩语
2144501,韩语
2077776,英语
2077776,韩语
11523500,韩语
4073764,朝鲜语
4073764,日语
2969891,韩语
20399271,韩语
4300639,韩语
1757929,韩语
10439245,韩语
2244593,韩语
1433557,韩语
1417910,韩语
1304081,韩语
5501712,韩语
10590762,韩语
6386983,韩语
3072883,韩语
3598221,韩语
1308027,韩语
24879821,韩语
3212133,韩语
6900093,韩语
25733874,韩语
4861404,韩语
4861404,韩国语
1877596,韩语
1308504,韩语
10833654,韩语
1433359,韩语
1295703,韩语
1306367,韩语
2286165,韩语
10777781,韩语
3789917,韩语
2332153,韩语
1308808,韩语
11594900,韩语
1307895,韩语
25785892,韩语
21937446,韩语
5326543,韩国语
3176523,韩语
6311983,韩语
1300021,韩语
5382911,韩语
6900095,韩语
1493920,韩语
1303974,韩语
1303974,英语
1949128,韩语
1949129,韩语
25731278,韩语
25775716,韩语
3194100,韩语
1296520,汉语普通话
1296520,韩语
1853749,韩语
1418859,韩语
1439177,韩语
2045564,韩语
10480985,韩语
3077688,韩语
6147186,韩语
3269058,韩语
1432013,汉语普通话
5948656,韩语
20507023,韩语
1307959,韩语
1307959,粤语
3318479,韩语
1767888,韩语
1848614,韩语
2371861,韩语
3006467,韩语
4099462,韩语
1295889,韩语
3026006,韩语
6009994,英语
6753102,韩语
10455634,韩语
1441499,韩语
1930582,韩语
3733938,韩语
1417309,韩语
19899628,韩语
10758223,韩语
1951013,韩语
1440852,韩语
2056856,韩语
3598215,韩语
25940978,韩语
1306467,韩语
2125064,韩语
4091051,韩语
3130190,韩语
10777678,韩语
25733380,韩语
11506895,韩语
4720358,韩语
1302745,韩语
1986324,韩语
5250369,韩语
1448277,韩语
3077693,韩语
4925458,韩语
4910868,韩语
2079683,韩语
1400211,韩语
1950427,韩语
4728552,韩语
4073061,韩语
4073061,英语
4073061,日语
4721276,韩国语
5268693,韩语
1308821,韩语
3025844,韩语
19899655,韩语
1419966,韩语
1451405,韩语
1301091,韩语
3586721,韩语
10432910,韩语
6839133,韩语
4901702,韩语
3003830,日语
24858414,日语
20426995,日语
1978369,日语
1292219,日语
1304970,日语
4935011,日语
2065021,日语
25704588,日语
24845115,日语
3168086,日语
10439358,日语
6558801,日语
1306808,日语
4822829,日语
4196129,日语
1915403,日语
5968334,日语
3074408,日语
3074408,英语
1421823,日语
1421823,英语
1307696,日语
1302642,日语
7152895,日语
1848925,日语
1299062,日语
1303907,日语
10462705,日语
4830911,日语
4830911,英语
4830911,法语
1301359,日语
4074009,日语
1294433,日语
3623024,日语
1389924,日语
1301948,日语
5996409,日语
5996409,汉语普通话
1418640,日语
1381964,日语
1463224,日语
1388175,日语
1296196,日语
10796594,日语
1422063,日语
1422063,英语
19961072,日语
4290704,日语
24973419,日语
4727460,日语
4246125,日语
1417728,日语
1361254,日语
2976111,日语
3727653,日语
1291566,日语
1291566,粤语
1477916,日语
2157507,日语
20389706,日语
1307897,日语
1307897,英语
1295815,日语
4832288,日语
2361266,日语
1788940,日语
1300752,日语
4903614,日语
3819939,日语
4217426,日语
4830236,日语
21335021,日语
1292515,日语
21339392,日语
1855131,日语
5346468,日语
1796053,日语
1307306,日语
23398777,日语
1299112,日语
1299112,法语
1299112,英语
6123978,日语
1296703,日语
24736793,日语
10756870,日语
22299426,日语
1315570,日语
1315570,英语
1308554,日语
6041817,日语
19955790,日语
10537949,日语
6041222,日语
4885995,日语
6814906,日语
10521712,日语
3534824,日语
1302770,日语
5286821,日语
5286821,韩语
1293847,日语
1293847,英语
5295610,日语
24532100,日语
3718665,日语
1787277,日语
1294181,英语
1294181,日语
1294181,意大利语
1294181,西班牙语
1328665,日语
1305084,日语
21264315,日语
6974439,日语
1303917,日语
1295629,日语
1295629,粤语
1295629,英语
1295629,汉语普通话
6425147,日语
5967829,日语
20445157,日语
2361269,日语
3726986,日语
2157504,日语
3039187,日语
21354076,日语
1421733,日语
1304920,日语
4930393,日语
3439340,日语
5279593,日语
1291863,日语
1395080,日语
3259956,日语
4135443,日语
4079117,日语
5975206,日语
1304626,日语
1419582,法语
1419582,日语
1900180,日语
2970087,英语
2970087,日语
1310166,日语
1310166,英语
1455849,日语
10864706,日语
2042219,日语
1308567,日语
10453719,日语
3562662,日语
24852462,日语
1299711,日语
6037517,日语
25788112,日语
1294588,日语
1307265,日语
10777783,日语
2032143,日语
4079119,日语
5247059,日语
1303577,日语
1308841,日语
1308841,英语
1307176,日语
1307176,韩语
1807495,日语
2263102,日语
5332266,日语
5332266,英语
1482316,日语
4068816,日语
1291569,英语
1291569,法语
1291569,德语
1291569,意大利语
1291569,西班牙语
1291569,日语
1291569,俄语
1298063,日语
1308685,日语
1307755,日语
1307755,英语
25816274,日语
1980825,日语
24839101,日语
1291576,日语
1419479,日语
25837074,日语
6999258,日语
1294827,日语
1507134,日语
5326561,日语
1293310,日语
1440164,日语
1963131,日语
3794489,日语
1482505,日语
20390013,日语
6006335,日语
3667102,日语
1422091,日语
1469984,日语
6889533,日语
2149804,日语
4139888,日语
10461726,日语
10461726,法语
10461726,英语
11538048,日语
21360431,日语
3564151,日语
1296834,日语
3543262,日语
1432436,法语
1432436,日语
1887829,日语
6872245,日语
6091398,日语
1460341,日语
1306885,日语
2330733,日语
2369618,日语
1299607,日语
10833867,日语
4885994,日语
1303083,日语
1915393,日语
1366165,日语
1302605,日语
1428291,日语
4265409,日语
2000741,日语
1294506,日语
1291861,英语
1291861,日语
1305294,日语
1461079,日语
2042181,日语
7058117,日语
4241887,日语
1293995,日语
1298351,日语
3134345,日语
1865943,日语
3105588,日语
3626439,日语
2042593,日语
2042593,韩语
1782964,日语
2357374,日语
1308010,日语
1507140,日语
6124043,日语
1297841,日语
1937132,英语
1299360,日语
1788431,日语
1306634,日语
24860410,日语
1294737,日语
5162334,日语
1295812,日语
3395437,日语
20284873,日语
3727661,日语
6535907,日语
1482297,日语
1303368,日语
20266428,日语
1303691,日语
1303453,日语
1788402,日语
1941880,日语
1908036,日语
1298870,日语
1796255,日语
21332449,日语
3811356,日语
1299809,日语
1294009,日语
1308379,日语
1870128,日语
2357302,日语
1303624,日语
1296534,英语
1296534,日语
1296534,意大利语
6101728,日语
2065047,日语
11510612,日语
2367213,日语
2042186,日语
2131640,日语
1432699,日语
10752478,日语
5285695,日语
20278502,日语
5285692,日语
1309079,日语
11606343,日语
2976072,日语
10567515,日语
4022138,日语
1756361,日语
25722131,日语
24843206,日语
4030411,日语
11534824,日语
11523496,日语
4135741,日语
1308543,日语
1294940,日语
5247058,日语
1401842,日语
6048738,日语
2042193,日语
20431537,日语
10540062,日语
10428239,日语
10796587,日语
4934988,日语
2042230,日语
1483808,日语
2383207,日语
1303073,日语
1303073,马来语
24702626,日语
1300193,日语
1309005,日语
1401843,日语
1427947,日语
26285780,日语
1762834,日语
6772974,日语
1482366,日语
1789492,日语
1308983,日语
2286133,日语
1307884,日语
1720137,日语
1306183,日语
1432779,日语
6424132,日语
6791706,日语
2042178,日语
1294413,日语
24872861,日语
1293107,日语
1389986,日语
1303110,日语
1900161,日语
1919906,日语
1459148,日语
3727658,日语
21263717,日语
1293663,日语
3154754,日语
1417073,日语
1417073,英语
1421884,日语
3666923,日语
1962319,日语
1757374,日语
1900172,日语
2278795,日语
2042235,日语
1796778,日语
1308657,日语
1947265,日语
1300738,日语
24772957,日语
1478789,英语
1478789,泰语
1478789,日语
3903715,日语
24875659,日语
25878911,日语
1298947,日语
1918027,日语
2042226,日语
1788094,日语
1299195,日语
1423035,日语
1306255,日语
1309222,日语
1309222,汉语普通话
3077700,日语
26101258,日语
25870716,日语
2123782,日语
5915752,日语
1851683,日语
6402121,日语
5295974,日语
1306522,日語
2129170,日语
25713386,日语
3448362,日语
21320278,日语
1796007,日语
1442700,日语
1420088,日语
21359391,日语
1388176,朝鲜语
1388176,日语
10756638,日语
1316589,日语
1440347,日语
1306069,日语
1306069,英语
6795529,英语
6795529,日语
19949257,日语
1308635,日语
24532099,日语
5379974,汉语普通话
5379974,日语
1305324,日语
2359499,日语
1773614,日语
1964728,日语
2056650,日语
4603531,日语
1306807,日语
2980431,日语
2153526,英语
2153526,俄语
2153526,朝鲜语
3006783,英语
1947549,英语
1939414,英语
1939414,汉语普通话
1441602,汉语普通话
1441602,日语
1441602,英语
4301181,英语
4301181,朝鲜语
4301181,乌尔都语
4301181,日语
1293173,英语
1418190,英语
3104794,英语
1293167,英语
1301345,英语
2174535,英语
1303139,英语
1303139,法语
1303139,中文
1308848,英语
1308848,西班牙语
1300069,英语
1418189,英语
1401535,英语
1401535,意大利语
1401535,法语
6771529,印尼语
7916027,英语
7916027,俄语
7916027,法语
4312428,英语
1419974,英语
1419974,法语
1419974,意大利语
1819388,英语
1849959,英语
1849959,西班牙语
1849959,韩语
1297544,英语
1292697,英语
1292697,德语
1292697,意大利语
2132412,英语
2223596,英语
2223596,日语
2223596,法语
2223596,苏格兰盖尔语
3018122,英语
3018122,法语
3018122,乌克兰语
3018122,俄语
3018122,匈牙利语
1293258,英语
1853176,英语
3792816,粤语
3792816,汉语普通话
1937621,英语
1937621,俄语
1937621,塞尔维亚克罗地亚语
1946882,英语
1946882,意大利语
1946882,法语
1946882,西班牙语
1946882,瑞士德语
1946882,德语
3114109,法语
1294323,英语
4830478,英语
3074503,英语
3074503,汉语普通话
10535562,印度尼西亚语
10535562,日语
10535562,英语
10535562,阿拉伯语
2147836,英语
2147836,汉语普通话
10743974,英语
10743974,韩语
1293537,英语
1293537,俄语
1304608,英语
1304608,德语
5028536,英语
5028536,西班牙语
1292624,英语
1292624,粤语
1292624,汉语普通话
1295229,英语
1295229,古埃及语
1295229,阿拉伯语
3402101,英语
3231740,英语
1309116,英语
1309116,西班牙语
1299837,英语
1299837,德语
1299837,罗马尼亚语
3569911,英语
1607471,英语
1607471,法语
1307527,英语
3262050,英语
3024838,英语
3024838,北美印第安语
3024838,粤语
4156402,英语
1306737,英语
1306737,德语
1306737,西班牙语
1306737,俄语
1306737,捷克语
1947080,英语
1947080,意大利语
1300608,粤语
3011574,英语
3011574,粤语
3011574,汉语普通话
1300537,英语
1300537,西班牙语
4035906,英语
1298586,英语
1298586,阿拉伯语
1307657,英语
1307657,汉语普通话
1298120,英语
1298120,俄语
3011459,英语
3736637,汉语普通话
1304642,英语
1304642,普通话
1304642,粤语
2010972,英语
1296717,英语
1296717,德语
1296717,希伯来语
1296717,西班牙语
1296717,阿拉伯语
1296717,尼泊尔语
1997679,英语
1997679,普通话
11601131,英语
6875647,英语
1307043,粤语
1307043,日语
1307043,英语
1482077,英语
1294114,粤语
4146512,英语
4146512,汉语普通话
1294671,粤语
1293317,英语
1297003,英语
2264715,英语
1302753,粤语
1308751,英语
1298189,英语
1306894,英语
1306894,罗马尼亚语
1306894,捷克语
1422920,英语
1422920,法语
1422920,匈牙利语
1299250,粤语
1299250,汉语普通话
3014957,英语
3014957,俄语
3148089,英语
1440855,英语
1440855,缅甸语
1440855,泰语
1309136,英语
1309136,拉丁语
3041294,英语
3041294,日语
2131654,英语
3082452,粤语
3082452,日语
3082452,英语
1422106,英语
1422106,法语
1422106,汉语普通话
1422106,日语
1464563,汉语普通话
3990098,英语
1296693,粤语
1299120,粤语
1300361,英语
1300361,越南语
1303773,英语
1303773,粤语
1303773,西班牙语
1303773,德语
1303773,冰岛语
1303773,意大利语
1303773,韩语
1482911,英语
10487568,英语
10487568,波兰语
10487568,粤语
10487568,意大利语
1947091,汉语普通话
1293471,英语
1293471,德语
1293471,希腊语
1307319,粤语
3775167,英语
3077408,英语
3179758,英语
1308978,英语
1308978,世界语
2284851,葡萄牙语
1305183,英语
1305183,粤语
1296102,英语
1293174,英语
1293174,俄语
6041199,英语
6041199,汉语普通话
6041199,粤语
6532822,英语
1293867,粤语
1309209,英语
4014405,英语
1299247,英语
1299247,德语
1299247,丹麦语
1299247,汉语普通话
1299247,粤语
4301285,英语
3874981,粤语
3874981,汉语普通话
1428055,英语
1292677,英语
1292677,俄语
1292677,西班牙语
1428051,英语
1428051,德语
1428051,俄语
1309042,英语
1309042,西班牙语
1308713,泰语
1308713,英语
1298635,英语
1308851,英语
1308851,俄语
1309103,英语
1297229,英语
1297229,波兰语
1297229,西班牙语
1304726,粤语
1300399,英语
1300399,俄语
1301434,英语
1301434,僧伽罗语
1301434,上海话
1301434,粤语
1507151,英语
1507151,汉语普通话
1507151,日语
1507151,粤语
1307917,英语
1307917,葡萄牙语
3156117,英语
3156117,德语
1395776,英语
1292867,粤语
1292867,英语
4326412,英语
3824339,英语
3824339,法语
3808604,英语
1295746,粤语
1299383,英语
1299383,日语
1299383,法语
1296203,粤语
1296203,汉语普通话
1305067,英语
1483239,英语
1483239,俄语
3157583,英语
3742937,英语
1310185,粤语
4082544,汉语普通话
3836070,英语
1962508,粤语
1305201,粤语
1295106,粤语
1295106,汉语普通话
1295106,英语
5157137,英语
5151892,英语
5151892,瑞典语
4824515,英语
2038379,英语
2038379,西班牙语
2997134,英语
1297866,英语
1297866,汉语普通话
1297866,印第安苏族语
1297866,西班牙语
1292843,粤语
1292843,英语
2132941,英语
1304091,粤语
1304091,英语
5327463,英语
1302242,粤语
1302242,普通话
1302242,英语
1302242,法语
1302242,土耳其语
1302242,韩语
1873750,英语
4134631,粤语
4134631,汉语普通话
1918224,英语
5151891,英语
1306610,英语
1793909,英语
1793909,法语
1793909,德语
1417555,泰语
1417555,英语
1417555,汉语普通话
1417555,越南语
3238087,英语
3718323,英语
1296947,英语
1296947,粤语
1296947,普通话
1326208,英语
10794042,汉语普通话
10794042,粤语
4308001,英语
3205571,英语
1428177,英语
1293225,英语
3148013,英语
3148013,汉语普通话
3148013,粤语
1364764,粤语
1972698,英语
1294991,粤语
1294991,英语
1307868,汉语普通话
1307868,粤语
1295547,英语
1295547,汉语普通话
1295547,粤语
3041264,英语
1307186,英语
1307186,粤语
3158432,英语
1309211,英语
1303693,英语
1303693,藏语
1303693,德语
1295344,粤语
1295344,英语
1295344,越南语
1295344,法语
2974273,英语
1299502,粤语
1299502,英语
1299502,日语
3170961,英语
1308855,英语
1308855,汉语普通话
1308855,粤语
5319819,汉语普通话
5319819,粤语
3012053,英语
3012053,西班牙语
3012053,葡萄牙语
1793904,英语
1307311,英语
1307311,希腊语
1307311,意大利语
1307678,英语
1307678,西班牙语
1300265,粤语
4319445,英语
2160611,英语
4323691,粤语
1297517,粤语
1308110,英语
3002820,粤语
3002820,英语
3002820,福建话
1297970,英语
1297970,法语
1302786,英语
1302786,普通话
1302786,国语
3725320,英语
6875611,英语
1307354,英语
1307354,西班牙语
1305686,英语
1293147,粤语
1307463,英语
2091015,英语
2091015,阿拉伯语
1308912,粤语
1584750,英语
1584750,日语
1584750,汉语普通话
1584750,阿拉伯语
1493481,英语
1299335,英语
1299335,法语
1299335,汉语普通话
1307384,英语
1307384,西班牙语
1307384,法语
2997155,粤语
1302705,汉语普通话
1302705,日语
1297194,粤语
1297194,汉语普通话
1297194,日语
1297194,英语
1299048,粤语
4301662,英语
1474185,英语
1309020,英语
1304854,英语
1308753,英语
1829654,英语
1829654,法国
1829654,西班牙语
1829654,俄语
1293353,英语
1301509,英语
3880545,英语
1295253,英语
2147854,英语
2147854,爱沙尼亚语
2147854,韩语
1307389,英语
1307389,法语
1307389,日语
4767216,英语
1295242,英语
1295242,荷兰语
1308776,英语
10745405,英语
3602084,英语
2054026,英语
2999913,英语
1293135,英语
1293135,西班牙语
4004715,英语
4215790,英语
2003389,英语
7051900,英语
2303163,英语
4196227,英语
5250583,粤语
5250583,汉语普通话
3071469,英语
3071469,西班牙语
1294490,英语
1294490,南非荷兰语
1294490,Ungwatsi
3011102,英语
4062922,粤语
1815638,英语
1294829,英语
1294829,泰语
1294829,西班牙语
1294829,希伯来语
1294829,法语
3102668,英语
3104798,英语
1466897,英语
3804746,粤语
3804746,汉语普通话
1295318,英语
2998253,英语
3897667,Shanghainese
3897667,英语
3897667,粤语
3897667,汉语普通话
6128003,英语
6128003,意大利语
1294262,法语
1294262,德语
1294262,韩语
1294262,葡萄牙语
1295340,英语
1295340,波兰语
2028585,英语
1309084,英语
1309084,德语
1309084,越南语
1309084,Swahili
1307955,英语
1307955,汉语普通话
1509868,英语
3026572,英语
2338058,英语
2338058,芬兰语
3259993,英语
4078562,汉语普通话
1309120,英语
2279772,汉语普通话
1760104,英语
4312232,粤语
1994876,英语
1994876,意大利语
2214140,汉语普通话
1870044,英语
1870044,罗马尼亚语
1870044,希伯来语
1870044,波兰语
1870044,亚美尼亚语
1305068,英语
1299981,英语
1851906,英语
10788846,粤语
3072889,英语
1292973,英语
4728471,粤语
2054024,英语
1972701,英语
1972701,俄语
3244162,粤语
3244162,汉语普通话
3003137,英语
3003137,俄语
1460996,粤语
3927750,英语
4132407,英语
5318665,粤语
4707596,汉语普通话
4707596,粤语
1309047,英语
1296454,英语
1296454,瑞典语
1296454,德语
1416728,粤语
10482125,英语
1302271,法语
1302271,日语
1302271,德语
3927734,英语
1308620,英语
3268216,汉语普通话
3250377,汉语普通话
3392569,英语
3392569,乌克兰语
1299952,英语
3003836,英语
3154909,英语
1294948,英语
2159331,英语
4100696,粤语
4100696,汉语普通话
4826330,英语
5320600,英语
5320600,印地语
1307181,英语
2988103,法语
1867332,英语
1464338,粤语
1765009,英语
1765009,西班牙语
1308429,英语
1419416,粤语
1428878,英语
1428878,意大利语
1428878,日语
1428878,依地语
2251924,英语
1892510,英语
3652302,英语
11499033,泰卢固语
11499033,泰米尔语
11499033,印地语
11499033,坎纳达语
11499033,马拉雅拉姆语
3263820,英语
6788265,汉语普通话
1291582,英语
1937257,英语
1305713,粤语
1306319,粤语
1308927,粤语
1929497,英语
1308987,英语
1308987,西班牙语
1308987,希伯来语
1304038,英语
3607666,汉语普通话
3607666,陕西话
10546666,英语
1307849,粤语
1940867,汉语普通话
3213173,英语
1308991,英语
1308991,韩语
1950198,英语
6768838,英语
2368641,英语
2132120,英语
1292829,英语
1400668,粤语
4301278,英语
3264229,英语
1304282,粤语
1304282,普通话
1295078,英语
1295078,法语
1292264,英语
1307747,粤语
1308819,英语
1308819,德语
3563200,英语
5967821,英语
1949320,英语
4735944,汉语普通话
4735944,粤语
1929443,法语
3036464,英语
2355582,法语
2256034,英语
2227293,英语
2139553,英语
1994879,英语
1994879,汉语普通话
1308156,法语
1292440,英语
1292440,意大利语
1292440,俄语
4903613,泰语
4903613,韩语
3213233,英语
20515071,粤语
1294950,英语
1294950,英语手语
1308772,英语
1308772,粤语
1308772,法语
1308772,德语
1308772,土耳其语
1308772,北印度语
4180445,英语
1422909,英语
1422909,西班牙语
3036478,英语
1308232,粤语
1306057,粤语
1309086,英语
1309086,葡萄牙语
1301173,英语
1301173,俄语
1301173,法语
1301173,Hawaiian
1301173,西班牙语
2158222,英语
2130163,英语
2130163,希伯来语
2297275,英语
1299550,粤语
2133293,英语
1305158,英语
1305158,西班牙语
1305158,法语
1293825,英语
1293825,意大利语
1293825,日语
6875277,英语
1309203,英语
1309203,希腊语
1309203,西班牙语
1305071,英语
1305804,英语
10463991,法语
10463991,英语
10463991,俄语
10463991,斯瓦希里语
10463991,丹麦语
21765841,汉语普通话
2132187,英语
6957293,英语
23856234,汉语普通话
6845529,捷克语
1468154,汉语普通话
1468154,粤语
1293899,英语
1293899,德语
4707209,汉语普通话
1292574,英语
1301865,粤语
1301865,英语
1301865,马来语
3558661,汉语普通话
1890157,英语
1824414,英语
2072478,英语
3078384,英语
1997681,保定话
1428054,英语
1968438,英语
1968438,德语
1968438,北印度语
1968438,梵文
1428877,英语
6873331,粤语
6873331,汉语普通话
24530943,英语
1295965,英语
1295965,法语
1295965,意大利语
2059310,英语
5366708,英语
5366708,汉语普通话
5366708,法语
20472857,汉语普通话
20472857,粤语
1300678,汉语普通话
1300678,天津方言
1308207,英语
1419581,汉语普通话
1419581,粤语
1306031,英语
2054933,英语
2998439,英语
1306802,英语
1294165,英语
1419935,英语
1419935,西班牙语
3183490,英语
1300246,粤语
2046839,英语
1292269,英语
1433673,英语
10774066,英语
1307371,粤语
1451911,英语
24325798,英语
1306733,粤语
1295490,英语
1300044,英语
1300044,德语
1300044,希伯来语
1300044,西班牙语
3078753,英语
3071624,英语
1937400,英语
1479377,英语
7065417,英语
1301861,英语
4832564,英语
1298320,英语
1306334,粤语
1783462,英语
3071517,英语
1303418,英语
1303418,德语
3628370,法语
1308520,粤语
1294917,英语
1294917,法语
1294917,拉丁语
1293555,英语
3071471,英语
3071471,俄语
1299035,粤语
1293718,英语
3008712,英语
3006424,英语
3006424,乌克兰语
3892449,汉语普通话
3892449,四川方言
1580620,英语
1300659,英语
1298817,英语
4173583,汉语普通话
4173583,粤语
1302355,英语
3001472,英语
2132430,英语
6383498,英语
25140779,西班牙语
25140779,英语
1855834,英语
1855834,西班牙语
1937401,英语
6053679,英语
3269018,英语
4051608,汉语普通话
1421278,英语
1421278,汉语普通话
1421278,上海话
3737283,汉语普通话
1292212,英语
1309043,英语
3289086,英语
1440703,英语
3078517,英语
3346464,英语
1474180,英语
5360033,泰语
2974278,英语
1301890,英语
1301890,法语
3566266,英语
3289081,英语
1945549,英语
1945549,西班牙语
1293124,英语
1293124,罗马尼亚语
1293124,希腊语
1293124,保加利亚语
1293124,拉丁语
1304641,英语
1304641,法语
1304641,西班牙语
1300945,英语
2033822,英语
1293377,法语
1300220,英语
2334814,英语
2334814,俄语
2334814,依地语
2334814,粤语
2334814,法语
2334814,闽南语
2334814,汉语普通话
3732499,泰语
4889554,英语
1305541,英语
1305541,法语
3804470,粤语
1304485,英语
1304485,法语
1299362,英语
2082013,英语
1291840,英语
1291840,斯瓦希里语
4022090,泰语
6110546,英语
1867335,英语
1292234,法语
1292234,德语
3745292,汉语普通话
1306154,英语
3626365,英语
3626365,汉语普通话
3321409,英语
1971111,英语
3230165,英语
1922152,英语
5977478,英语
5977478,法语
1419933,英语
1947144,英语
1914652,英语
1309192,英语
1309192,美国手语
6738760,汉语普通话
1291859,英语
3073073,英语
1299769,英语
2361823,英语
1304942,英语
1951318,粤语
1951318,日语
6062731,汉语普通话
6062731,英语
6062731,粤语
1309059,英语
1309059,日语
1292780,英语
5294324,普通话
5294324,国语
5294324,粤语
2072848,英语
3262939,粤语
3262939,汉语普通话
3262939,英语
1293926,英语
1293926,意大利语
1302303,英语
1302303,西班牙语
1302303,日语
1302303,拉丁语
1302303,德语
1301465,英语
3059036,英语
5036969,英语
1291558,英语
1291558,法语
1291558,意大利
6514105,汉语普通话
4711195,汉语普通话
4711195,英语
5377640,英语
1329962,粤语
1829230,英语
1303001,俄语
1303001,英语
1303001,法语
1303001,德语
1297965,英语
1292049,法语
1292049,波兰语
2010975,英语
2010975,土著语
1307052,英语
1307052,意大利语
1307052,波兰语
1307052,法语
1307052,西班牙语
1307052,德语
3017655,英语
3015835,粤语
3015835,普通话
1298346,粤语
1298346,汉语普通话
1298346,日语
1310159,粤语
4117302,英语
4117302,法语
4117302,俄语
3305873,汉语普通话
2002743,英语
2043465,粤语
1296359,英语
1305466,汉语普通话
1308764,英语
1308764,德语
1308764,捷克语
1308838,粤语
1304826,汉语普通话
1293158,英语
1293158,美国手语
1291559,法语
2338019,英语
4043763,粤语
1296992,英语
1296992,法语
1295684,英语
3569943,英语
1308748,汉语普通话
1308748,粤语
1301886,英语
1301886,意大利语
3147941,英语
1396313,日语
1396313,汉语普通话
2368587,英语
3148068,西班牙语
3148068,加泰罗尼亚语
3284396,英语
3443074,土耳其语
1307363,英语
1306130,汉语普通话
1307906,汉语普通话
1307906,粤语
3012257,粤语
1301582,英语
1301582,法语
10456963,粤语
4271832,粤语
4271832,汉语普通话
20441632,葡萄牙语
1297233,英语
1297710,粤语
24470523,英语
1467044,英语
1295899,英语
10562987,法语
1299374,粤语
1779632,法语
1779632,英语
3173556,意大利语
1293456,英语
1302235,德语
1302235,匈牙利语
1305735,英语
1305735,法语
1305735,西班牙语
1299922,英语
2052978,汉语普通话
3645150,英语
3645150,阿拉伯语
4844903,英语
2968813,瑞典语
1292577,英语
1293799,英语
3149087,汉语普通话
1929461,法语
1293596,英语
1293596,俄语
10733558,泰语
4023725,汉语普通话
19963896,汉语普通话
20378794,汉语普通话
1306213,英语
1473297,英语
1310174,汉语普通话
1310174,粤语
1300082,汉语普通话
1309080,英语
1307781,汉语普通话
1307781,粤语
1308288,汉语普通话
4237863,汉语普通话
4237863,英语
4237863,韩语
4237863,日语
4237863,粤语
4237863,意大利语
1297643,英语
1297643,法语
3834175,粤语
1316506,汉语普通话
1292338,法语
1292338,德语
1292338,英语
3008256,英语
5446226,汉语普通话
10453730,汉语普通话
1305182,英语
1305182,汉语普通话
3815920,汉语普通话
3025666,英语
1302795,汉语普通话
1302795,上海话
1297311,英语
20471876,汉语普通话
1470346,英语
1472510,英语
1433232,汉语普通话
1433232,粤语
1291873,英语
3914500,英语
1302673,粤语
1297598,西班牙语
1297598,英语
1300528,英语
2081098,汉语普通话
3586471,泰语
6024430,英语
5977838,粤语
5977838,汉语普通话
3070319,英语
1294768,英语
1302050,法语
1302050,日语
1302050,英语
1297644,德语
1297644,希腊语
1297644,匈牙利语
1297644,意大利语
1297644,葡萄牙语
1300802,法语
6714088,汉语普通话
1293120,英语
1293120,法语
1863955,英语
1291553,越南语
20278505,英语
2354729,英语
1293702,英语
1293702,西班牙语
1295384,英语
1293792,英语
6828823,英语
1292332,英语
1985677,英语
1764796,英语
1304643,英语
3606973,英语
1297785,英语
1299092,英语
2364054,英语
1294037,英语
1309044,英语
3103186,英语
3103186,德语
1297151,英语
1299153,英语
2301701,英语
1292769,英语
1292769,俄语
1295292,英语
1295292,法语
1295292,日语
1295292,俄语
1295292,西班牙语
1297929,英语
1478064,英语
1478064,德语
1478064,意大利语
1478064,罗马尼亚语
1478064,西班牙语
1478064,阿拉伯语
2037833,英语
2037833,冰岛语
2144242,英语
2144242,俄语
1418191,英语
1418191,德语
1418191,法语
1296666,英语
1789283,英语
3011617,英语
3011617,越南语
3011617,德语
1949328,英语
6053731,英语
1308769,英语
1308769,意大利语
1293470,英语
1305306,英语
1304338,英语
5503303,英语
2993217,英语
1308715,英语
1578509,英语
2225321,英语
2225321,汉语普通话
1305566,英语
4919019,英语
1316693,英语
1316693,法语
1292347,英语
1292347,日语
3749974,英语
1309068,英语
1309068,汉语普通话
1294893,英语
3077413,英语
1297715,英语
1297715,法语
3387483,英语
1306662,英语
1293171,英语
1294791,英语
1299560,英语
1946776,英语
1946776,粤语
3652297,英语
2336783,英语
1296697,英语
1296459,英语
1296459,阿拉伯语
2265778,英语
1293073,英语
1295870,英语
1309200,英语
1309200,俄语
1309200,西班牙语
1309200,韩语
1972732,英语
1293515,英语
1293515,韩语
1293131,英语
1298107,无对白
1303447,英语
1578502,英语
3990500,汉语普通话
1300092,英语
1308859,英语
1306421,英语
1306421,西班牙语
1306421,芬兰语
1306421,法语
1306421,朝鲜手语
1306421,意大利语
5160385,英语
1306609,英语
3699737,英语
1298976,英语
1298976,西班牙语
1849371,英语
3262091,泰米尔语
1306983,粤语
4086853,英语
2210143,英语
2129042,英语
1917074,英语
4058964,英语
2301706,英语
6857606,英语
6857606,俄语
6857606,汉语普通话
1293823,英语
1296794,英语
1296794,挪威语
3680627,英语
1294519,英语
1294353,英语
3097525,英语
1440283,汉语普通话
1294366,英语
1298041,英语
1298041,拉丁语
2028661,英语
1298328,英语
1298328,葡萄牙语
10453723,英语
1298405,英语
1298405,法语
1298405,西班牙语
1298405,北印度语
1300089,英语
1300089,Klingon
1302209,英语
1302209,挪威语
1302209,瑞典语
1303910,英语
1303910,德语
1303910,意大利语
1299213,英语
1370276,英语
3041261,英语
1482051,英语
4846693,英语
6875402,英语
1293442,英语
1293442,葡萄牙语
1474203,英语
1297611,英语
1293572,英语
1293572,俄语
10536969,英语
3006123,英语
1293863,英语
1293778,英语
1291989,法语
1300916,英语
1306795,英语
1309065,英语
2028650,英语
1293316,英语
2301242,西班牙语
1308754,英语
1308754,藏语
1308754,德语
1300977,俄语
1300977,德语
2133368,英语
3148956,德语
1295783,英语
1295783,希伯来语
2028640,英语
1303164,英语
2073674,英语
2073674,法语
3401684,英语
3401684,俄语
1436680,英语
1436680,日语
1779689,英语
6432898,英语
11610450,英语
25701866,英语
1295656,俄语
1302718,英语
1293433,英语
3882445,英语
1938923,普通话
1298574,英语
7162552,英语
1422938,英语
1300549,英语
1293482,英语
2996642,英语
1417084,英语
1304602,英语
1293325,英语
1306450,法语
1306450,粤语
3871833,英语
3871833,西班牙语
1309179,英语
2049689,英语
2049689,古诺尔斯语
2049689,拉丁语
1741924,English
1301849,英语
1962112,英语
1296702,英语
1293330,英语
1299209,英语
1793915,英语
1294015,英语
1296628,英语
1293364,英语
1299888,英语
3231823,西班牙语
4301043,英语
4301043,汉语普通话
4301043,粤语
1300371,英语
1300371,日语
24718965,英语
2035642,日语
5365963,英语
1293656,英语
2042279,英语
2042279,西班牙
2982853,英语
11599239,英语
3024983,英语
1305970,英语
2298926,英语
2298926,俄语
2298926,捷克
1305394,英语
1528848,汉语普通话
1302570,英语
4297254,俄语
1960313,英语
1292680,英语
1306004,英语
1306004,法语
1300250,英语
1863770,英语
21354138,英语
1304798,英语
1422913,英语
1422913,粤语
1316524,法语
1293904,英语
1308993,英语
20276953,英语
1295383,英语
4144683,英语
1301419,英语
1301419,韩语
1301419,法语
1790198,英语
3195759,英语
1304496,英语
25823531,英语
3007297,英语
1305463,英语
1294276,英语
1294276,意大利语
1298753,英语
6875412,英语
1308247,英语
3078403,英语
1296140,英语
1296140,法语
1296140,北印度语
1293878,英语
1293878,法语
1293878,俄语
1298688,波兰语
3008263,英语
1307669,英语
1422934,英语
1297650,英语
1308585,英语
1308835,英语
1308835,法语
1304209,英语
1294209,英语
3878247,日语
1915381,英语
3148966,英语
1465415,英语
1438337,英语
1438337,玛雅语
1302344,英语
1302344,西班牙语
1298593,英语
3262111,英语
3011105,西班牙语
3011105,英语
2299238,英语
1296610,英语
1296929,英语
1296929,拉丁语
1307716,英语
2228823,英语
1482075,英语
1523682,英语
1294934,英语
1295834,英语
1293932,英语
1983125,英语
1983125,西班牙语
6937813,英语
1293092,英语
1293092,意大利语
2988846,汉语普通话
2359497,日语
2359497,泰语
2359497,英语
1298339,英语
1298717,英语
1401312,英语
1915385,英语
3446003,英语
3072156,英语
3554781,法语
6428516,俄语
22049595,英语
22049595,日语
1929441,英语
1297489,英语
1298602,英语
1304436,英语
1294732,英语
1950233,英语
1301899,西班牙语
1292519,英语
1293443,英语
3230023,英语
19976260,西班牙语
19976260,加泰罗尼亚语
5325336,英语
1292505,英语
5952590,英语
1302799,粤语
1302799,日语
1915382,英语
1293760,英语
1926517,英语
3988857,英语
4058963,英语
24913189,英语
1296720,英语
1293679,英语
3894510,英语
3894510,日语
1811755,英语
3091271,俄语
1294801,英语
1293885,英语
25760447,英语
1292453,英语
1305672,英语
1304998,英语
22519250,英语
1436711,英语
1436711,法语
1306723,英语
1306723,意大利语
1306723,西班牙语
3594463,英语
3594463,西班牙语
2042273,英语
1298111,英语
1298111,日语
1295915,英语
1295670,英语
1292567,英语
4717612,英语
4717612,北印度语
3193979,English
1307266,英语
1307266,汉语普通话
1297907,英语
1295432,英语
2364973,英语
5967755,英语
1302012,英语
1421879,日语
2259312,汉语普通话
1309064,英语
1309160,英语
1291869,英语
1432180,英语
1927369,英语
1927369,意大利语
1927369,拉丁语
1927369,法语
1927369,瑞士德语
1927369,德语
1927369,西班牙语
3150816,英语
3150816,法语
3150816,粤语
3120852,英语
4190211,英语
4190211,法语
4190211,意大利语
4190211,俄语
4190211,西班牙语
1308995,英语
4896894,英语
1294621,英语
3614963,英语
1307748,英语
1295872,英语
1297294,英语
3217894,瑞典语
2122766,西班牙语
1302100,英语
1302100,法语
1302100,德语
1293824,英语
1309171,英语
6738735,粤语
1292699,英语
1292699,土耳其语
1292699,法语
1292699,德语
1292699,意大利语
1292699,瑞典语
1892848,英语
1422950,英语
1939173,英语
1299054,英语
1299054,西班牙语
1578669,英语
1578669,德语
3268171,英语
1294789,英语
1294789,法语
1294789,拉丁语
1294789,葡萄牙语
1294789,西班牙语
1299292,法语
1301231,英语
10562986,英语
1293973,英语
1307210,英语
1419934,英语
1419934,德语
1950192,英语
1305248,英语
1293889,英语
1293889,粤语
10555085,英语
4118060,粤语
4118060,汉语普通话
4118060,泰语
2275370,英语
1305858,英语
1305858,俄语
2133422,英语
4724373,英语
5954505,汉语普通话
2263112,粤语
3094580,西班牙语
3731626,西班牙语
1297659,法语
3914547,英语
4179012,英语
1303459,英语
1861411,汉语普通话
1861411,英语
3006781,英语
1754927,英语
1741703,英语
1741703,日语
3011380,英语
6793319,汉语普通话
1297145,英语
1905777,英语
25715087,汉语普通话
25715087,粤语
25715087,日语
25715087,韩语
1310175,英语
1296153,英语
1301230,英语
1946877,英语
1946877,西班牙语
1777570,英语
1419856,英语
1419856,意大利语
1419856,斯瓦希里语
1419856,德语
1309145,英语
1309145,法语
1578643,英语
1306860,英语
1295451,英语
1295451,德语
1295451,俄语
1292230,英语
4821015,普通话
4821015,国语
1887455,英语
1298412,英语
1301328,法语
1418270,英语
2127788,英语
10617168,汉语普通话
10617168,粤语
4894075,普通话
4894075,国语
1296078,英语
1296078,拉丁语
2464346,德语
2464346,意大利语
2464346,波兰语
2464346,拉丁语
1466007,英语
4074744,英语
4074744,法语
4074744,意大利语
1433183,英语
2028840,佛兰德斯语
1986567,英语
1401966,英语
1401966,法语
3531406,德语
4111335,泰语
2213119,法语
2213119,意大利语
1298505,英语
1298505,法语
6984070,汉语普通话
3346995,英语
1300266,英语
1300266,法语
1300266,德语
1300275,英语
1292552,英语
1905786,英语
1309153,英语
23416554,英语
3818565,英语
25849599,汉语普通话
3193964,英语
3731463,粤语
3279054,英语
2042617,泰语
2042617,英语
6431054,英语
4023433,英语
1301711,英语
2974280,英语
1303545,英语
1291823,英语
1291823,法语
1291823,葡萄牙语
1291823,土著语
1920907,英语
1298043,英语
1293213,法语
1917086,法语
2117898,英语
10466341,英语
4146762,英语
1421807,西班牙语
5258036,英语
2032459,英语
10508879,汉语普通话
10508879,粤语
1949321,英语
1437128,英语
1437128,粤语
1299967,英语
1301630,英语
1295187,英语
1295187,法语
1295187,德语
1295187,意大利语
1294979,英语
1294979,意大利语
1305046,汉语普通话
1305046,台语
1305046,英语
1905790,英语
1296252,英语
1428108,英语
1293046,英语
2255841,西班牙语
1427034,英语
1863384,英语
1916995,英语
1297874,英语
2988506,英语
1292760,英语
1292760,德语
1292760,法语
1292760,意大利语
6060652,英语
1292588,英语
1296535,英语
1296535,意大利语
1301601,英语
5351755,英语
1307427,英语
1307427,法语
1306512,英语
3011550,英语
3218765,瑞典语
3218765,意大利语
3218765,法语
3418187,英语
1296908,英语
1299539,英语
1299539,法语
1295809,英语
4903581,粤语
4903581,汉语普通话
1438066,法语
1294634,英语
1294634,拉丁语
1308704,英语
1438734,英语
1438734,波兰语
1944900,英语
1293817,英语
10744976,英语
1298493,英语
1422306,英语
4099242,英语
2124507,英语
2124507,西班牙语
2075345,英语
2075345,俄语
1301164,英语
1299795,法语
1299795,英语
1299795,日语
1306915,英语
1306915,西班牙语
3789921,英语
1297991,英语
1295622,英语
1295622,法语
1293177,英语
6082346,英语
1878616,意大利语
2054932,英语
1296845,英语
1296432,荷兰语
1296432,法语
1296432,英语
1298354,英语
7046937,英语
7046937,德语
1295328,法语
1295568,英语
2024935,英语
2024935,俄语
21941106,汉语普通话
2061185,俄语
1302762,英语
2057552,英语
1440685,英语
4914627,汉语普通话
1532365,英语
1294665,挪威语
1294665,瑞典语
1299027,英语
5150245,英语
1309118,英语
1298442,英语
1438302,英语
2210130,英语
1310176,英语
1858064,英语
1437109,英语
1292779,英语
11623346,粤语
11623346,汉语普通话
2049989,英语
1308040,粤语
1308040,英语
1780168,英语
1780168,日语
1780168,汉语普通话
1780168,闽南语
1308761,英语
1306665,法语
2027899,俄语
2027899,车臣语
6811422,粤语
6811422,缅甸语
1305074,英语
1305074,俄语
3148064,英语
24859034,汉语普通话
1301485,英语
1292676,英语
2124708,英语
2124708,汉语普通话
1427038,英语
1303472,英语
6804364,粤语
6804364,汉语普通话
4728518,汉语普通话
4728518,贵州话
1438300,英语
2002954,英语
1299495,英语
2377539,法语
1773217,泰语
1949329,英语
1297336,英语
1864491,英语
4884122,英语
1771925,法语
3862259,汉语普通话
2252771,英语
2252771,德语
10549223,汉语普通话
1304940,粤语
1291878,西班牙语
1291878,拉丁语
1297399,法语
1297399,英语
1293903,英语
1293903,汉语普通话
1294197,英语
6087768,汉语普通话
3436905,英语
1301232,英语
1293133,英语
1763939,英语
3078514,英语
1292584,英语
1292584,粤语
10471540,英语
2282449,英语
2282449,俄语
2282449,法语
1422088,匈牙利语
1892526,英语
1689787,西班牙语
2173673,英语
11636413,汉语普通话
10485481,英语
1892530,英语
1892530,俄语
1892530,土耳其语
1892530,乌克兰语
1892530,乌尔都语
1306528,英语
1293352,英语
1298876,英语
1433496,英语
1999216,英语
10514806,汉语普通话
1296397,英语
24324732,印地语
1416898,匈牙利语
1416898,斯洛伐克语
1484163,日语
3152563,英语
1830411,英语
1830411,西班牙语
2310059,日语
6731992,西班牙语
6731992,德语
6731992,英语
6731992,加泰罗尼亚语
3804790,瑞士德语
2988509,英语
25969095,汉语普通话
1826749,英语
1297894,英语
1462839,日语
1292916,英语
1292916,法语
3721152,意大利语
3721152,西班牙语
6424183,日语
1293840,英语
1293852,英语
1456197,英语
1456197,捷克语
1456197,德语
1456197,荷兰语
1456197,斯洛伐克语
1456197,日语
1456197,冰岛语
1456197,俄语
1456197,西班牙语
1798665,粤语
1300966,法语
2352630,英语
2352630,汉语普通话
2352630,日语
2352630,德语
2352630,上海话
1506769,英语
1298461,英语
1298461,德语
1298461,意大利语
1297707,英语
1297707,西班牙语
24751826,英语
3566747,英语
1295480,英语
1302597,英语
1299549,英语
1299549,西班牙语
1441473,英语
3138617,英语
1482107,英语
1294764,英语
1294764,法语
4099520,英语
1796729,日语
1293031,英语
1306548,德语
1306548,法语
1306548,意大利语
10485526,英语
1293755,英语
1293755,拉丁语
1293755,希腊语
1293755,法语
1293755,德语
1293755,阿拉伯语
3126187,泰语
3126187,英语
1453067,英语
1309088,英语
6837235,英语
2361386,英语
2361386,西班牙语
2295401,英语
3066083,英语
3529375,泰语
1866462,泰语
6874441,英语
1758487,英语
1296026,粤语
1296026,泰语
1296026,普通话
1296026,英语
1296026,客家语
4122701,泰语
1307807,粤语
1298389,英语
2252775,英语
2269893,英语
1300377,英语
1300377,西班牙语
6875615,英语
22759752,粤语
1307488,韩语
1307488,英语
1307488,汉语普通话
1307488,泰语
1307488,粤语
3023155,泰语
1295831,英语
1292664,英语
22759660,粤语
1301409,英语
1301409,西班牙语
3105162,西班牙语
1962823,英语
2132486,英语
1309217,粤语
1309217,泰语
1309217,英语
6021917,英语
5156706,英语
20501030,英语
2027923,粤语
2027923,汉语普通话
4883258,西班牙语
1436846,英语
1436846,Assyrian Neo-Aramaic
1436846,德语
1436846,希腊语
1436846,希伯来语
1436846,拉丁语
1436846,阿拉姆语
1308834,粤语
1416850,英语
1416850,西班牙语
1416850,意大利语
1416850,波兰语
1416850,法语
2030563,泰语
2032339,英语
1309032,英语
2075994,泰语
2075994,韩语
2998395,英语
1778999,粤语
24522915,粤语
1305655,粤语
1300392,英语
25821124,英语
25821124,法语
5960681,英语
1300077,英语
1297203,英语
1871840,英语
2132426,英语
3148877,英语
1482090,英语
1482090,西班牙语
1401873,粤语
1401873,日语
1401873,韩语
1401873,汉语普通话
4049700,西班牙语
1482102,英语
1482102,日语
1871836,英语
4117274,英语
10508907,英语
1892147,英语
1292501,英语
6128025,英语
5384590,英语
1296332,意大利语
1296332,俄语
1296332,英语
1296332,德语
1296332,拉丁语
11610998,泰语
1308797,粤语
1308792,英语
1308792,日语
1305419,英语
25785812,英语
1830189,普通话
1302429,英语
1437883,粤语
1883406,泰语
1301156,粤语
5374152,英语
1480051,粤语
3012009,法语
1293035,英语
5323911,英语
1309056,英语
1309056,罗马尼亚语
3095189,泰语
2036996,粤语
24870066,英语
1438790,日语
6788517,英语
10466639,英语
1299586,英语
1890787,汉语普通话
1914923,英语
1979068,日语
1306670,英语
3217669,英语
1461348,英语
2364838,英语
2364838,日语
1892527,英语
1306984,粤语
1295942,英语
1305793,英语
1305793,德语
1301928,粤语
1292739,英语
1358386,日语
4708013,英语
1293448,英语
5985871,泰语
1963710,法语
2296544,英语
1774223,英语
1774223,西班牙语
1485185,英语
1309125,粤语
1309125,泰语
1309125,普通话
1309125,英语
22266898,英语
1295255,英语
1304766,英语
1302244,粤语
1302244,英语
1296360,英语
1296360,拉丁语
1296360,意大利语
6383536,泰语
2998340,英语
2998340,威尔士语
2998340,意大利语
2998340,拉丁语
2998340,俄语
2998340,匈牙利语
3284768,英语
3524289,英语
3250619,泰语
3250619,英语
3011052,英语
3011052,希伯来语
1303460,英语
1768941,日语
1302638,粤语
1293798,英语
1303897,英语
1302447,粤语
2277019,汉语普通话
6853653,英语
1416301,粤语
10429695,英语
1292599,英语
1298152,粤语
20451118,英语
20451118,印尼语
1297500,英语
1296791,德语
1309110,德语
1309110,英语
1304044,西班牙语
2051750,英语
1939690,日语
1297996,英语
3804835,英语
21348112,英语
2361528,粤语
1875317,汉语普通话
1853181,英语
2373638,英语
1979067,日语
1864995,英语
1864995,葡萄牙语
3003192,英语
1295578,英语
1293143,英语
1482354,日语
2059125,挪威语
1437037,日语
1297522,英语
1424661,英语
1424661,瑞典语
1478851,英语
1584898,英语
21355504,英语
1876686,英语
1298214,英语
1308046,英语
1303237,英语
1299111,英语
24877502,英语
24877502,法语
24877502,意大利语
3792868,英语
1302495,粤语
1422340,English
3618294,泰语
6860303,英语
2138418,英语
2138418,日语
1292836,英语
3289348,英语
1302393,粤语
1819888,韩语
25785807,挪威语
2000830,日语
1299957,英语
1299667,粤语
1472532,粤语
5240540,英语
3735003,英语
2053665,粤语
2053665,汉语普通话
2053665,英语
2053665,泰语
1303676,粤语
1296685,意大利语
10512944,泰语
1419929,英语
1293956,英语
4017154,英语
6061437,英语
6307966,英语
1865656,英语
2998478,英语
1292832,英语
1693078,泰语
1309058,英语
1299898,意大利语
3072894,英语
3288399,英语
4312245,泰语
1309009,英语
3014399,英语
3168094,英语
1759288,日语
1484633,粤语
1484633,汉语普通话
2133483,法语
2133483,德语
1297538,粤语
2301125,英语
2301676,英语
6061975,英语
24852726,英语
23766551,英语
1422204,英语
1422204,德语
2159244,英语
25751623,英语
1306403,粤语
2146591,英语
2146591,西班牙语
19951145,泰语
1305789,粤语
1308079,韩语
25815542,泰语
1305611,英语
1295875,英语
1309023,英语
1308017,日语
6957289,英语
2268357,英语
1299767,英语
2977365,泰语
1482029,英语
1482029,意大利语
5159495,英语
3660836,泰语
14321432,英语
6780857,法语
1295276,英语
1302294,英语
1302294,意大利语
25886490,汉语普通话
25886490,英语
5501708,泰语
1394470,粤语
1295447,英语
1299591,英语
2127388,粤语
5286801,日语
3418436,日语
1294825,英语
1295402,英语
6519403,英语
7046520,英语
2049569,英语
1858267,英语
1858267,俄语
1298572,英语
1298572,西班牙语
1295796,英语
6870692,粤语
1307926,粤语
1947318,英语
2262224,英语
1875321,汉语普通话
25745786,汉语普通话
25745786,粤语
1474302,英语
3017555,挪威语
1433358,英语
1297010,英语
2030560,粤语
10462218,英语
3824357,英语
1297790,英语
1304665,日语
22518928,泰语
2295799,日语
1472301,日语
1479872,粤语
1908174,英语
1307222,粤语
1857086,英语
1857086,西班牙语
1306345,粤语
1863449,英语
1863449,俄语
1863449,匈牙利语
5064521,英语
2136652,英语
1301348,英语
1303998,英语
20389691,英语
20273820,日语
1293390,英语
1507366,日语
3725385,英语
1296035,泰语
1308561,日语
23286078,日语
2051452,英语
2160638,英语
1305914,英语
1302401,英语
1292556,英语
2301909,英语
6719716,西班牙语
2992767,泰语
1476669,粤语
19954796,英语
25725308,英语
1308591,日语
2040107,英语
1921003,英语
2042154,日语
2059313,英语
1307800,日语
25732529,泰语
1293925,英语
3230168,英语
1826150,日语
25798132,泰语
3725361,英语
1385566,英语
5353616,英语
5029050,德语
5326608,英语
25775571,英语
1473078,粤语
2074597,粤语
3804728,英语
6028313,英语
5325335,英语
1788098,日语
2127676,粤语
1902534,英语
1296700,粤语
1304243,粤语
3068236,法语
4729828,泰语
1765480,日语
4753436,英语
4753436,西班牙语
1440583,汉语普通话
1695241,英语
1695241,Galician
1695241,西班牙语
1297100,英语
1417045,日语
1307100,粤语
1485255,英语
3034755,韩语
2009469,英语
20427592,英语
20280040,英语
3210963,英语
3210963,法语
3011093,英语
1394488,泰语
3792508,泰语
3792508,英语
3792508,法语
3792508,意大利语
4036000,汉语普通话
2336735,英语
3769423,英语
3073875,英语
2083944,英语
1860745,英语
4904026,英语
1771061,英语
3610676,英语
1293753,英语
7015714,英语
1309015,奇楚亚语
1309015,西班牙语
5972040,法语
3011072,英语
2078398,意大利语
1323749,粤语
20415220,英语
1296821,英语
1292585,英语
1907465,英语
1907465,法语
1292352,英语
1303031,瑞典语
1303031,西班牙语
1303031,英语
1303031,葡萄牙语
1303031,德语
1291976,瑞典语
1919245,英语
1919245,俄语
6800483,英语
2131291,英语
1416942,德语
1308191,英语
5262027,汉语普通话
25741398,无对白
1295728,英语
3338879,丹麦语
3338879,瑞典语
3338879,英语
3743049,英语
1793200,土耳其语
4301274,英语
6390832,英语
6601382,英语
1295437,英语
4810698,英语
1299103,汉语普通话
1299103,客家话
1299103,上海话
1299811,英语
1299811,日语
1299811,汉语普通话
1301811,英语
1482079,英语
2004613,泰语
5152333,挪威语
5152333,英语
3236904,英语
1296636,英语
1763905,波兰语
1948937,英语
1309052,英语
1309052,德语
3007817,英语
3660508,英语
1477506,英语
1293212,英语
25837574,荷兰语
1304406,波斯语
2028669,英语
1291574,英语
10745399,英语
1986338,英语
1302133,英语
1304868,英语
1422954,英语
2215609,英语
1292718,英语
1296835,英语
1296835,拉丁语
